fdc_id,data_type,description,food_category_id,publication_date
2705384,survey_fndds_food,"Milk, NFS",1004,2022-10-28
2705385,survey_fndds_food,"Milk, whole",1002,2022-10-28
2705386,survey_fndds_food,"Milk, reduced fat (2%)",1004,2022-10-28
2705387,survey_fndds_food,"Milk, low fat (1%)",1006,2022-10-28
2705388,survey_fndds_food,"Milk, fat free (skim)",1008,2022-10-28
2705389,survey_fndds_food,"Milk, lactose free, low fat (1%)",1006,2022-10-28
2705390,survey_fndds_food,"Milk, lactose free, fat free (skim)",1008,2022-10-28
2705391,survey_fndds_food,"Milk, lactose free, reduced fat (2%)",1004,2022-10-28
2705392,survey_fndds_food,"Milk, lactose free, whole",1002,2022-10-28
2705393,survey_fndds_food,Buttermilk,1002,2022-10-28
2705394,survey_fndds_food,Kefir,1006,2022-10-28
2705395,survey_fndds_food,Goat milk,1002,2022-10-28
2705396,survey_fndds_food,"Milk, dry, reconstituted, nonfat",1008,2022-10-28
2705397,survey_fndds_food,"Milk, dry, reconstituted, whole",1002,2022-10-28
2705398,survey_fndds_food,"Milk, evaporated, NS as to fat content",1002,2022-10-28
2705399,survey_fndds_food,"Milk, evaporated, whole",1002,2022-10-28
2705400,survey_fndds_food,"Milk, evaporated, reduced fat (2%)",1004,2022-10-28
2705401,survey_fndds_food,"Milk, evaporated, fat free (skim)",1008,2022-10-28
2705403,survey_fndds_food,"Non-dairy milk, NFS",1902,2022-10-28
2705404,survey_fndds_food,"Soy milk, sweetened",1902,2022-10-28
2705405,survey_fndds_food,"Soy milk, unsweetened",1902,2022-10-28
2705406,survey_fndds_food,"Soy milk, chocolate",1902,2022-10-28
2705407,survey_fndds_food,"Almond milk, sweetened",1902,2022-10-28
2705408,survey_fndds_food,"Almond milk, chocolate",1902,2022-10-28
2705409,survey_fndds_food,"Almond milk, unsweetened",1902,2022-10-28
2705410,survey_fndds_food,"Almond milk, NFS",1902,2022-10-28
2705411,survey_fndds_food,Rice milk,1902,2022-10-28
2705412,survey_fndds_food,Oat milk,1902,2022-10-28
2705413,survey_fndds_food,Coconut milk,1902,2022-10-28
2705414,survey_fndds_food,"Yogurt, NFS",1820,2022-10-28
2705415,survey_fndds_food,"Yogurt, Greek, NS as to type of milk or flavor",1822,2022-10-28
2705416,survey_fndds_food,"Yogurt, NS as to type of milk or flavor",1820,2022-10-28
2705417,survey_fndds_food,"Yogurt, NS as to type of milk, plain",1820,2022-10-28
2705418,survey_fndds_food,"Yogurt, whole milk, plain",1820,2022-10-28
2705419,survey_fndds_food,"Yogurt, low fat milk, plain",1820,2022-10-28
2705420,survey_fndds_food,"Yogurt, nonfat milk, plain",1820,2022-10-28
2705421,survey_fndds_food,"Yogurt, Greek, NS as to type of milk, plain",1822,2022-10-28
2705422,survey_fndds_food,"Yogurt, Greek, whole milk, plain",1822,2022-10-28
2705423,survey_fndds_food,"Yogurt, Greek, low fat milk, plain",1822,2022-10-28
2705424,survey_fndds_food,"Yogurt, Greek, nonfat milk, plain",1822,2022-10-28
2705425,survey_fndds_food,"Yogurt, NS as to type of milk, fruit",1820,2022-10-28
2705426,survey_fndds_food,"Yogurt, whole milk, fruit",1820,2022-10-28
2705427,survey_fndds_food,"Yogurt, low fat milk, fruit",1820,2022-10-28
2705428,survey_fndds_food,"Yogurt, nonfat milk, fruit",1820,2022-10-28
2705429,survey_fndds_food,"Yogurt, Greek, NS as to type of milk, fruit",1822,2022-10-28
2705430,survey_fndds_food,"Yogurt, Greek, whole milk, fruit",1822,2022-10-28
2705431,survey_fndds_food,"Yogurt, Greek, low fat milk, fruit",1822,2022-10-28
2705432,survey_fndds_food,"Yogurt, Greek, nonfat milk, fruit",1822,2022-10-28
2705433,survey_fndds_food,"Yogurt, NS as to type of milk, flavors other than fruit",1820,2022-10-28
2705434,survey_fndds_food,"Yogurt, whole milk, flavors other than fruit",1820,2022-10-28
2705435,survey_fndds_food,"Yogurt, low fat milk, flavors other than fruit",1820,2022-10-28
2705436,survey_fndds_food,"Yogurt, nonfat milk, flavors other than fruit",1820,2022-10-28
2705437,survey_fndds_food,"Yogurt, Greek, NS as to type of milk, flavors other than fruit",1822,2022-10-28
2705438,survey_fndds_food,"Yogurt, Greek, whole milk, flavors other than fruit",1822,2022-10-28
2705439,survey_fndds_food,"Yogurt, Greek, low fat milk, flavors other than fruit",1822,2022-10-28
2705440,survey_fndds_food,"Yogurt, Greek, nonfat milk, flavors other than fruit",1822,2022-10-28
2705442,survey_fndds_food,"Yogurt, liquid",1820,2022-10-28
2705443,survey_fndds_food,Yogurt tube,1820,2022-10-28
2705592,survey_fndds_food,"Cream, NS as to light, heavy, or half and half",8008,2022-10-28
2705593,survey_fndds_food,"Cream, light",8008,2022-10-28
2705594,survey_fndds_food,"Cream, half and half",8008,2022-10-28
2705595,survey_fndds_food,"Cream, half and half, flavored",8008,2022-10-28
2705596,survey_fndds_food,"Cream, half and half, fat free",8008,2022-10-28
2705597,survey_fndds_food,"Cream, heavy",8008,2022-10-28
2705598,survey_fndds_food,"Cream, whipped",8006,2022-10-28
2705599,survey_fndds_food,"Coffee creamer, NFS",8008,2022-10-28
2705600,survey_fndds_food,"Coffee creamer, liquid",8008,2022-10-28
2705601,survey_fndds_food,"Coffee creamer, liquid, flavored",8008,2022-10-28
2705602,survey_fndds_food,"Coffee creamer, liquid, fat free",8008,2022-10-28
2705603,survey_fndds_food,"Coffee creamer, liquid, fat free, flavored",8008,2022-10-28
2705604,survey_fndds_food,"Coffee creamer, liquid, fat free, sugar free, flavored",8008,2022-10-28
2705605,survey_fndds_food,"Coffee creamer, liquid, sugar free, flavored",8008,2022-10-28
2705606,survey_fndds_food,"Coffee creamer, powder",8008,2022-10-28
2705607,survey_fndds_food,"Coffee creamer, powder, flavored",8008,2022-10-28
2705608,survey_fndds_food,"Coffee creamer, powder, fat free",8008,2022-10-28
2705609,survey_fndds_food,"Coffee creamer,powder, sugar free, flavored",8008,2022-10-28
2705610,survey_fndds_food,"Coffee creamer, soy, liquid",8008,2022-10-28
2705611,survey_fndds_food,Whipped topping,8006,2022-10-28
2705612,survey_fndds_food,"Whipped topping, fat free",8006,2022-10-28
2705613,survey_fndds_food,"Whipped topping, sugar free",8006,2022-10-28
2705614,survey_fndds_food,"Sour cream, regular",8006,2022-10-28
2705615,survey_fndds_food,"Sour cream, light",8006,2022-10-28
2705616,survey_fndds_food,"Sour cream, fat free",8006,2022-10-28
2705704,survey_fndds_food,"Cheese, NFS",1602,2022-10-28
2705705,survey_fndds_food,"Cheese, Blue or Roquefort",1602,2022-10-28
2705706,survey_fndds_food,"Cheese, Brick",1602,2022-10-28
2705707,survey_fndds_food,"Cheese, Camembert",1602,2022-10-28
2705708,survey_fndds_food,"Cheese, Brie",1602,2022-10-28
2705709,survey_fndds_food,"Cheese, Cheddar",1602,2022-10-28
2705710,survey_fndds_food,"Cheese, Cheddar, reduced fat",1602,2022-10-28
2705711,survey_fndds_food,"Cheese, Cheddar, nonfat or fat free",1602,2022-10-28
2705712,survey_fndds_food,"Cheese, Colby",1602,2022-10-28
2705713,survey_fndds_food,"Cheese, Colby Jack",1602,2022-10-28
2705714,survey_fndds_food,"Cheese, Feta",1602,2022-10-28
2705715,survey_fndds_food,"Cheese, Fontina",1602,2022-10-28
2705716,survey_fndds_food,"Cheese, goat",1602,2022-10-28
2705717,survey_fndds_food,"Cheese, Gouda or Edam",1602,2022-10-28
2705718,survey_fndds_food,"Cheese, Gruyere",1602,2022-10-28
2705719,survey_fndds_food,"Cheese, Limburger",1602,2022-10-28
2705720,survey_fndds_food,"Cheese, Monterey",1602,2022-10-28
2705721,survey_fndds_food,"Cheese, Monterey, reduced fat",1602,2022-10-28
2705722,survey_fndds_food,"Cheese, Mozzarella, NFS",1602,2022-10-28
2705723,survey_fndds_food,"Cheese, Mozzarella, part skim",1602,2022-10-28
2705724,survey_fndds_food,"Cheese, Mozzarella, reduced sodium",1602,2022-10-28
2705725,survey_fndds_food,"Cheese, Mozzarella, nonfat or fat free",1602,2022-10-28
2705726,survey_fndds_food,"Cheese, Muenster",1602,2022-10-28
2705727,survey_fndds_food,"Cheese, Muenster, reduced fat",1602,2022-10-28
2705728,survey_fndds_food,"Cheese, Parmesan, dry grated",1602,2022-10-28
2705729,survey_fndds_food,"Cheese, Parmesan, dry grated, reduced fat",1602,2022-10-28
2705730,survey_fndds_food,"Cheese, Parmesan, hard",1602,2022-10-28
2705731,survey_fndds_food,"Cheese, Parmesan, dry grated, fat free",1602,2022-10-28
2705732,survey_fndds_food,"Cheese, Port du Salut",1602,2022-10-28
2705733,survey_fndds_food,"Cheese, Provolone",1602,2022-10-28
2705734,survey_fndds_food,"Cheese, provolone, reduced fat",1602,2022-10-28
2705735,survey_fndds_food,"Cheese, Swiss",1602,2022-10-28
2705736,survey_fndds_food,"Cheese, Swiss, reduced sodium",1602,2022-10-28
2705737,survey_fndds_food,"Cheese, Swiss, reduced fat",1602,2022-10-28
2705738,survey_fndds_food,"Cheese, Swiss, nonfat or fat free",1602,2022-10-28
2705739,survey_fndds_food,"Cheese, Cheddar, reduced sodium",1602,2022-10-28
2705740,survey_fndds_food,"Cheese, paneer",1602,2022-10-28
2705741,survey_fndds_food,"Cheese, Mexican blend",1602,2022-10-28
2705742,survey_fndds_food,"Cheese, Mexican blend, reduced fat",1602,2022-10-28
2705743,survey_fndds_food,"Queso Anejo, aged Mexican cheese",1602,2022-10-28
2705744,survey_fndds_food,Queso Asadero,1602,2022-10-28
2705745,survey_fndds_food,Queso Fresco,1602,2022-10-28
2705746,survey_fndds_food,Queso cotija,1602,2022-10-28
2705747,survey_fndds_food,"Cheese, cottage, NFS",1604,2022-10-28
2705748,survey_fndds_food,"Cheese, cottage, creamed, large or small curd",1604,2022-10-28
2705749,survey_fndds_food,"Cottage cheese, farmer's",1604,2022-10-28
2705750,survey_fndds_food,"Cheese, Ricotta",1604,2022-10-28
2705753,survey_fndds_food,"Cheese, cottage, dry curd",1604,2022-10-28
2705754,survey_fndds_food,"Cheese, cottage, salted, dry curd",1604,2022-10-28
2705755,survey_fndds_food,Puerto Rican white cheese,1604,2022-10-28
2705756,survey_fndds_food,"Cheese, cottage, low fat",1604,2022-10-28
2705758,survey_fndds_food,"Cheese, cottage, lowfat, low sodium",1604,2022-10-28
2705759,survey_fndds_food,"Cheese, cottage, lowfat, lactose reduced",1604,2022-10-28
2705760,survey_fndds_food,"Cream cheese, regular, plain",8006,2022-10-28
2705761,survey_fndds_food,"Cream cheese, regular, flavored",8006,2022-10-28
2705762,survey_fndds_food,"Cream cheese, light",8006,2022-10-28
2705763,survey_fndds_food,"Cheese, American and Swiss blends",1602,2022-10-28
2705764,survey_fndds_food,"Cheese, American",1602,2022-10-28
2705765,survey_fndds_food,"Cheese, American, reduced fat",1602,2022-10-28
2705766,survey_fndds_food,"Cheese, American, nonfat or fat free",1602,2022-10-28
2705767,survey_fndds_food,"Cheese, American, reduced sodium",1602,2022-10-28
2705768,survey_fndds_food,"Cheese spread, American or Cheddar cheese base, reduced fat",1602,2022-10-28
2705769,survey_fndds_food,"Cream cheese, fat free",8006,2022-10-28
2705770,survey_fndds_food,"Cheese, processed cheese food",1602,2022-10-28
2705773,survey_fndds_food,"Cheese spread, American or Cheddar cheese base",1602,2022-10-28
2705774,survey_fndds_food,"Cheese spread, Swiss cheese base",1602,2022-10-28
2705775,survey_fndds_food,"Cheese spread, cream cheese",8006,2022-10-28
2705776,survey_fndds_food,"Cheese spread, pressurized can",1602,2022-10-28
2705781,survey_fndds_food,Cheese ball,1602,2022-10-28
2705792,survey_fndds_food,Cheese souffle,2502,2022-10-28
2705817,survey_fndds_food,"Mozzarella sticks, breaded, baked, or fried",1602,2022-10-28
2705819,survey_fndds_food,"Meat, NFS",2002,2022-10-28
2705820,survey_fndds_food,"Meat, ground, NFS",2004,2022-10-28
2705822,survey_fndds_food,"Beef, NFS",2002,2022-10-28
2705823,survey_fndds_food,"Steak, NS as to type of meat, NS as to fat eaten",2002,2022-10-28
2705824,survey_fndds_food,"Beef, steak, NFS",2002,2022-10-28
2705825,survey_fndds_food,"Beef, steak, chuck",2002,2022-10-28
2705826,survey_fndds_food,"Beef, steak, cube",2002,2022-10-28
2705827,survey_fndds_food,"Beef, steak, flank",2002,2022-10-28
2705828,survey_fndds_food,"Beef, steak, ribeye, NS as to fat eaten",2002,2022-10-28
2705829,survey_fndds_food,"Beef, steak, ribeye, lean and fat eaten",2002,2022-10-28
2705830,survey_fndds_food,"Beef, steak, ribeye, lean only eaten",2002,2022-10-28
2705831,survey_fndds_food,"Beef, steak, round",2002,2022-10-28
2705832,survey_fndds_food,"Beef, steak, sirloin, NS as to fat eaten",2002,2022-10-28
2705833,survey_fndds_food,"Beef, steak, sirloin, lean and fat eaten",2002,2022-10-28
2705834,survey_fndds_food,"Beef, steak, sirloin, lean only eaten",2002,2022-10-28
2705835,survey_fndds_food,"Beef, steak, strip, NS as to fat eaten",2002,2022-10-28
2705836,survey_fndds_food,"Beef, steak, strip, lean and fat eaten",2002,2022-10-28
2705837,survey_fndds_food,"Beef, steak, strip, lean only eaten",2002,2022-10-28
2705838,survey_fndds_food,"Beef, steak, T-bone, NS as to fat eaten",2002,2022-10-28
2705839,survey_fndds_food,"Beef, steak, T-bone,  lean and fat eaten",2002,2022-10-28
2705840,survey_fndds_food,"Beef, steak, T-bone, lean only eaten",2002,2022-10-28
2705841,survey_fndds_food,"Beef, steak, tenderloin",2002,2022-10-28
2705842,survey_fndds_food,"Beef, steak, country fried",2002,2022-10-28
2705843,survey_fndds_food,"Beef, oxtails",2002,2022-10-28
2705844,survey_fndds_food,"Beef, neck bones",2002,2022-10-28
2705845,survey_fndds_food,"Beef, shortribs",2002,2022-10-28
2705846,survey_fndds_food,"Beef, cow head",2002,2022-10-28
2705847,survey_fndds_food,"Beef, roast",2002,2022-10-28
2705848,survey_fndds_food,"Beef, pot roast",2002,2022-10-28
2705849,survey_fndds_food,"Beef, stew meat",2002,2022-10-28
2705850,survey_fndds_food,"Beef, corned",2602,2022-10-28
2705851,survey_fndds_food,"Beef, brisket",2002,2022-10-28
2705852,survey_fndds_food,"Beef, sandwich steak",2002,2022-10-28
2705853,survey_fndds_food,"Beef, ground, raw",2004,2022-10-28
2705854,survey_fndds_food,"Beef, ground",2004,2022-10-28
2705855,survey_fndds_food,"Beef, ground, patty",2004,2022-10-28
2705856,survey_fndds_food,"Beef, bacon, cooked",2604,2022-10-28
2705857,survey_fndds_food,"Beef, bacon, reduced sodium, cooked",2604,2022-10-28
2705858,survey_fndds_food,"Beef, dried, chipped, uncooked",2602,2022-10-28
2705859,survey_fndds_food,"Beef, dried, chipped, cooked in fat",2602,2022-10-28
2705860,survey_fndds_food,Beef jerky,2602,2022-10-28
2705862,survey_fndds_food,"Pork, NFS",2006,2022-10-28
2705863,survey_fndds_food,"Pork, ground",2006,2022-10-28
2705864,survey_fndds_food,"Pork, carnitas",2006,2022-10-28
2705865,survey_fndds_food,Pork jerky,2602,2022-10-28
2705866,survey_fndds_food,"Pork, chop, NS as to fat eaten",2006,2022-10-28
2705867,survey_fndds_food,"Pork, chop, lean and fat eaten",2006,2022-10-28
2705868,survey_fndds_food,"Pork, chop, lean only eaten",2006,2022-10-28
2705869,survey_fndds_food,"Pork, chop, coated, NS as to fat eaten",2006,2022-10-28
2705870,survey_fndds_food,"Pork, chop, coated, lean and fat eaten",2006,2022-10-28
2705871,survey_fndds_food,"Pork, chop, coated, lean only eaten",2006,2022-10-28
2705873,survey_fndds_food,"Pork, steak, NS as to fat eaten",2006,2022-10-28
2705874,survey_fndds_food,"Pork, steak, lean and fat eaten",2006,2022-10-28
2705875,survey_fndds_food,"Pork, steak, lean only eaten",2006,2022-10-28
2705876,survey_fndds_food,"Pork, steak, coated",2006,2022-10-28
2705877,survey_fndds_food,"Pork, tenderloin",2006,2022-10-28
2705878,survey_fndds_food,Ham,2602,2022-10-28
2705879,survey_fndds_food,"Ham, prosciutto",2602,2022-10-28
2705880,survey_fndds_food,"Ham, canned",2602,2022-10-28
2705881,survey_fndds_food,"Ham, ground",2602,2022-10-28
2705882,survey_fndds_food,"Pork, roast",2006,2022-10-28
2705883,survey_fndds_food,"Pork, roll",2602,2022-10-28
2705884,survey_fndds_food,"Canadian bacon, cooked",2602,2022-10-28
2705885,survey_fndds_food,"Bacon, NS as to type of meat, cooked",2604,2022-10-28
2705886,survey_fndds_food,"Bacon, NS as to type of meat, reduced sodium, cooked",2604,2022-10-28
2705887,survey_fndds_food,"Pork bacon, NS as to fresh, smoked or cured, cooked",2604,2022-10-28
2705888,survey_fndds_food,"Pork bacon, NS as to fresh, smoked or cured, reduced sodium, cooked",2604,2022-10-28
2705889,survey_fndds_food,"Pork bacon, smoked or cured, cooked",2604,2022-10-28
2705890,survey_fndds_food,"Bacon or side pork, fresh, cooked",2604,2022-10-28
2705891,survey_fndds_food,"Pork bacon, smoked or cured, reduced sodium, cooked",2604,2022-10-28
2705892,survey_fndds_food,"Fat back, cooked",8002,2022-10-28
2705893,survey_fndds_food,"Ribs, NFS",2006,2022-10-28
2705894,survey_fndds_food,"Pork, ribs",2006,2022-10-28
2705895,survey_fndds_food,"Pork, cracklings",2006,2022-10-28
2705896,survey_fndds_food,"Pork, ears",2006,2022-10-28
2705897,survey_fndds_food,"Pork, bones",2006,2022-10-28
2705898,survey_fndds_food,"Pork, pig's feet",2006,2022-10-28
2705899,survey_fndds_food,"Pork, pig's feet, pickled",2006,2022-10-28
2705900,survey_fndds_food,"Pork, ham hocks",2006,2022-10-28
2705901,survey_fndds_food,"Pork, belly",2006,2022-10-28
2705902,survey_fndds_food,Pork skin rinds,2006,2022-10-28
2705905,survey_fndds_food,"Lamb, NS as to cut",2008,2022-10-28
2705906,survey_fndds_food,"Lamb, chop",2008,2022-10-28
2705907,survey_fndds_food,"Lamb, ground",2008,2022-10-28
2705908,survey_fndds_food,Goat,2008,2022-10-28
2705909,survey_fndds_food,"Veal, chop",2002,2022-10-28
2705910,survey_fndds_food,"Veal, ground",2004,2022-10-28
2705912,survey_fndds_food,Rabbit,2008,2022-10-28
2705913,survey_fndds_food,"Venison, NFS",2008,2022-10-28
2705914,survey_fndds_food,"Venison, steak",2008,2022-10-28
2705915,survey_fndds_food,Venison/deer jerky,2602,2022-10-28
2705916,survey_fndds_food,Venison sausage,2602,2022-10-28
2705917,survey_fndds_food,Moose,2008,2022-10-28
2705918,survey_fndds_food,Bear,2008,2022-10-28
2705919,survey_fndds_food,Caribou,2008,2022-10-28
2705920,survey_fndds_food,Bison,2008,2022-10-28
2705921,survey_fndds_food,Groundhog,2008,2022-10-28
2705922,survey_fndds_food,Opossum,2008,2022-10-28
2705923,survey_fndds_food,Squirrel,2008,2022-10-28
2705924,survey_fndds_food,Beaver,2008,2022-10-28
2705925,survey_fndds_food,Raccoon,2008,2022-10-28
2705926,survey_fndds_food,Armadillo,2008,2022-10-28
2705927,survey_fndds_food,Wild pig,2008,2022-10-28
2705928,survey_fndds_food,Ostrich,2206,2022-10-28
2705929,survey_fndds_food,"Chicken, NS as to part and cooking method, NS as to skin eaten",2202,2022-10-28
2705930,survey_fndds_food,"Chicken, NS as to part and cooking method, skin eaten",2202,2022-10-28
2705931,survey_fndds_food,"Chicken, NS as to part and cooking method, skin not eaten",2202,2022-10-28
2705932,survey_fndds_food,"Chicken, NS as to part, baked, broiled, or roasted, NS as to skin eaten",2202,2022-10-28
2705933,survey_fndds_food,"Chicken, NS as to part, baked, broiled, or roasted, skin eaten",2202,2022-10-28
2705934,survey_fndds_food,"Chicken, NS as to part, baked, broiled, or roasted, skin not eaten",2202,2022-10-28
2705935,survey_fndds_food,"Chicken, NS as to part, rotisserie, NS as to skin eaten",2202,2022-10-28
2705936,survey_fndds_food,"Chicken, NS as to part, rotisserie, skin eaten",2202,2022-10-28
2705937,survey_fndds_food,"Chicken, NS as to part, rotisserie, skin not eaten",2202,2022-10-28
2705938,survey_fndds_food,"Chicken, NS as to part, stewed, NS as to skin eaten",2202,2022-10-28
2705939,survey_fndds_food,"Chicken, NS as to part, stewed, skin eaten",2202,2022-10-28
2705940,survey_fndds_food,"Chicken, NS as to part, stewed, skin not eaten",2202,2022-10-28
2705941,survey_fndds_food,"Chicken, NS as to part, grilled without sauce, NS as to skin eaten",2202,2022-10-28
2705942,survey_fndds_food,"Chicken, NS as to part, grilled without sauce, skin eaten",2202,2022-10-28
2705943,survey_fndds_food,"Chicken, NS as to part, grilled without sauce, skin not eaten",2202,2022-10-28
2705947,survey_fndds_food,"Chicken, NS as to part, sauteed, skin eaten",2202,2022-10-28
2705948,survey_fndds_food,"Chicken, NS as to part, sauteed, skin not eaten",2202,2022-10-28
2705949,survey_fndds_food,"Chicken, NS as to part, fried, coated, skin / coating eaten",2202,2022-10-28
2705950,survey_fndds_food,"Chicken, NS as to part, fried, coated, skin / coating not eaten",2202,2022-10-28
2705951,survey_fndds_food,"Chicken, NS as to part, baked, coated, skin / coating eaten",2202,2022-10-28
2705952,survey_fndds_food,"Chicken, NS as to part, baked, coated, skin / coating not eaten",2202,2022-10-28
2705953,survey_fndds_food,"Chicken breast, NS as to cooking method, skin eaten",2202,2022-10-28
2705954,survey_fndds_food,"Chicken breast, NS as to cooking method, skin not eaten",2202,2022-10-28
2705955,survey_fndds_food,"Chicken breast, baked, broiled, or roasted, skin eaten, from raw",2202,2022-10-28
2705956,survey_fndds_food,"Chicken breast, baked, broiled, or roasted, skin not eaten, from raw",2202,2022-10-28
2705957,survey_fndds_food,"Chicken breast, baked or broiled, skin eaten, from pre-cooked",2202,2022-10-28
2705958,survey_fndds_food,"Chicken breast, baked or broiled, skin not eaten, from pre-cooked",2202,2022-10-28
2705963,survey_fndds_food,"Chicken breast, rotisserie, skin eaten",2202,2022-10-28
2705964,survey_fndds_food,"Chicken breast, rotisserie, skin not eaten",2202,2022-10-28
2705965,survey_fndds_food,"Chicken breast, stewed, skin eaten",2202,2022-10-28
2705966,survey_fndds_food,"Chicken breast, stewed, skin not eaten",2202,2022-10-28
2705967,survey_fndds_food,"Chicken breast, grilled without sauce, skin eaten",2202,2022-10-28
2705968,survey_fndds_food,"Chicken breast, grilled without sauce, skin not eaten",2202,2022-10-28
2705971,survey_fndds_food,"Chicken breast, sauteed, skin eaten",2202,2022-10-28
2705972,survey_fndds_food,"Chicken breast, sauteed, skin not eaten",2202,2022-10-28
2705973,survey_fndds_food,"Chicken breast, fried, coated, skin / coating eaten, from raw",2202,2022-10-28
2705974,survey_fndds_food,"Chicken breast, fried, coated, skin / coating not eaten, from raw",2202,2022-10-28
2705975,survey_fndds_food,"Chicken breast, fried, coated, prepared skinless, coating eaten, from raw",2202,2022-10-28
2705976,survey_fndds_food,"Chicken breast, fried, coated, skin / coating eaten, from pre-cooked",2202,2022-10-28
2705977,survey_fndds_food,"Chicken breast, fried, coated, skin / coating not eaten, from pre-cooked",2202,2022-10-28
2705980,survey_fndds_food,"Chicken breast, baked, coated, skin / coating eaten",2202,2022-10-28
2705981,survey_fndds_food,"Chicken breast, baked, coated, skin / coating not eaten",2202,2022-10-28
2705982,survey_fndds_food,"Chicken leg, drumstick and thigh, NS as to cooking method, skin eaten",2202,2022-10-28
2705983,survey_fndds_food,"Chicken leg, drumstick and thigh, NS as to cooking method, skin not eaten",2202,2022-10-28
2705984,survey_fndds_food,"Chicken leg, drumstick and thigh, baked or broiled, skin eaten",2202,2022-10-28
2705985,survey_fndds_food,"Chicken leg, drumstick and thigh, baked or broiled, skin not eaten",2202,2022-10-28
2705986,survey_fndds_food,"Chicken leg, drumstick and thigh, rotisserie, skin eaten",2202,2022-10-28
2705987,survey_fndds_food,"Chicken leg, drumstick and thigh, rotisserie, skin not eaten",2202,2022-10-28
2705988,survey_fndds_food,"Chicken leg, drumstick and thigh, stewed, skin eaten",2202,2022-10-28
2705989,survey_fndds_food,"Chicken leg, drumstick and thigh, stewed, skin not eaten",2202,2022-10-28
2705990,survey_fndds_food,"Chicken leg, drumstick and thigh, grilled without sauce, skin eaten",2202,2022-10-28
2705991,survey_fndds_food,"Chicken leg, drumstick and thigh, grilled without sauce, skin not eaten",2202,2022-10-28
2705994,survey_fndds_food,"Chicken leg, drumstick and thigh, sauteed, skin eaten",2202,2022-10-28
2705995,survey_fndds_food,"Chicken leg, drumstick and thigh, sauteed, skin not eaten",2202,2022-10-28
2705996,survey_fndds_food,"Chicken leg, drumstick and thigh, fried, coated, skin / coating eaten",2202,2022-10-28
2705997,survey_fndds_food,"Chicken leg, drumstick and thigh, fried, coated, skin / coating not eaten",2202,2022-10-28
2705998,survey_fndds_food,"Chicken leg, drumstick and thigh, baked, coated, skin / coating eaten",2202,2022-10-28
2705999,survey_fndds_food,"Chicken leg, drumstick and thigh, baked, coated, skin / coating not eaten",2202,2022-10-28
2706000,survey_fndds_food,"Chicken drumstick, NS as to cooking method, skin eaten",2202,2022-10-28
2706001,survey_fndds_food,"Chicken drumstick, NS as to cooking method, skin not eaten",2202,2022-10-28
2706002,survey_fndds_food,"Chicken drumstick, baked, broiled, or roasted, skin eaten, from raw",2202,2022-10-28
2706003,survey_fndds_food,"Chicken drumstick, baked, broiled, or roasted, skin not eaten, from raw",2202,2022-10-28
2706004,survey_fndds_food,"Chicken drumstick, baked or broiled, skin eaten, from pre-cooked",2202,2022-10-28
2706005,survey_fndds_food,"Chicken drumstick, baked or broiled, skin not eaten, from pre-cooked",2202,2022-10-28
2706008,survey_fndds_food,"Chicken drumstick, rotisserie, skin eaten",2202,2022-10-28
2706009,survey_fndds_food,"Chicken drumstick, rotisserie, skin not eaten",2202,2022-10-28
2706010,survey_fndds_food,"Chicken drumstick, grilled without sauce, skin eaten",2202,2022-10-28
2706011,survey_fndds_food,"Chicken drumstick, grilled without sauce, skin not eaten",2202,2022-10-28
2706014,survey_fndds_food,"Chicken drumstick, stewed, skin eaten",2202,2022-10-28
2706015,survey_fndds_food,"Chicken drumstick, stewed, skin not eaten",2202,2022-10-28
2706016,survey_fndds_food,"Chicken drumstick, sauteed, skin eaten",2202,2022-10-28
2706017,survey_fndds_food,"Chicken drumstick, sauteed, skin not eaten",2202,2022-10-28
2706018,survey_fndds_food,"Chicken drumstick, fried, coated, skin / coating eaten, from raw",2202,2022-10-28
2706019,survey_fndds_food,"Chicken drumstick, fried, coated, skin / coating not eaten, from raw",2202,2022-10-28
2706020,survey_fndds_food,"Chicken drumstick, fried, coated, prepared skinless, coating eaten, from raw",2202,2022-10-28
2706021,survey_fndds_food,"Chicken drumstick, fried, coated, skin / coating eaten, from pre-cooked",2202,2022-10-28
2706022,survey_fndds_food,"Chicken drumstick, fried, coated, skin / coating not eaten, from pre-cooked",2202,2022-10-28
2706025,survey_fndds_food,"Chicken drumstick, baked, coated, skin / coating eaten",2202,2022-10-28
2706026,survey_fndds_food,"Chicken drumstick, baked, coated, skin / coating not eaten",2202,2022-10-28
2706027,survey_fndds_food,"Chicken thigh, NS as to cooking method, skin eaten",2202,2022-10-28
2706028,survey_fndds_food,"Chicken thigh, NS as to cooking method, skin not eaten",2202,2022-10-28
2706029,survey_fndds_food,"Chicken thigh, baked, broiled, or roasted, skin eaten, from raw",2202,2022-10-28
2706030,survey_fndds_food,"Chicken thigh, baked, broiled, or roasted, skin not eaten, from raw",2202,2022-10-28
2706031,survey_fndds_food,"Chicken thigh, baked or broiled, skin eaten, from pre-cooked",2202,2022-10-28
2706032,survey_fndds_food,"Chicken thigh, baked or broiled, skin not eaten, from pre-cooked",2202,2022-10-28
2706035,survey_fndds_food,"Chicken thigh, rotisserie, skin eaten",2202,2022-10-28
2706036,survey_fndds_food,"Chicken thigh, rotisserie, skin not eaten",2202,2022-10-28
2706037,survey_fndds_food,"Chicken thigh, stewed, skin eaten",2202,2022-10-28
2706038,survey_fndds_food,"Chicken thigh, stewed, skin not eaten",2202,2022-10-28
2706039,survey_fndds_food,"Chicken thigh, grilled without sauce, skin eaten",2202,2022-10-28
2706040,survey_fndds_food,"Chicken thigh, grilled without sauce, skin not eaten",2202,2022-10-28
2706043,survey_fndds_food,"Chicken thigh, sauteed, skin eaten",2202,2022-10-28
2706044,survey_fndds_food,"Chicken thigh, sauteed, skin not eaten",2202,2022-10-28
2706045,survey_fndds_food,"Chicken thigh, fried, coated, skin / coating eaten, from raw",2202,2022-10-28
2706046,survey_fndds_food,"Chicken thigh, fried, coated, skin / coating not eaten, from raw",2202,2022-10-28
2706047,survey_fndds_food,"Chicken thigh, fried, coated, prepared skinless, coating eaten, from raw",2202,2022-10-28
2706048,survey_fndds_food,"Chicken thigh, fried, coated, skin / coating eaten, from pre-cooked",2202,2022-10-28
2706049,survey_fndds_food,"Chicken thigh, fried, coated, skin / coating not eaten, from pre-cooked",2202,2022-10-28
2706054,survey_fndds_food,"Chicken thigh, baked, coated, skin / coating eaten",2202,2022-10-28
2706055,survey_fndds_food,"Chicken thigh, baked, coated, skin / coating not eaten",2202,2022-10-28
2706056,survey_fndds_food,"Chicken wing, NS as to cooking method",2202,2022-10-28
2706057,survey_fndds_food,"Chicken wing, baked, broiled, or roasted, from raw",2202,2022-10-28
2706058,survey_fndds_food,"Chicken wing, baked or broiled, from pre-cooked",2202,2022-10-28
2706060,survey_fndds_food,"Chicken wing, rotisserie",2202,2022-10-28
2706061,survey_fndds_food,"Chicken wing, stewed",2202,2022-10-28
2706062,survey_fndds_food,"Chicken wing, grilled without sauce",2202,2022-10-28
2706064,survey_fndds_food,"Chicken wing, sauteed",2202,2022-10-28
2706065,survey_fndds_food,"Chicken wing, fried, coated, from raw",2202,2022-10-28
2706066,survey_fndds_food,"Chicken wing, fried, coated, from pre-cooked",2202,2022-10-28
2706069,survey_fndds_food,"Chicken wing, baked, coated",2202,2022-10-28
2706075,survey_fndds_food,"Chicken ""wings"", plain, from precooked",2202,2022-10-28
2706078,survey_fndds_food,"Chicken ""wings"", plain, from other sources",2202,2022-10-28
2706081,survey_fndds_food,"Chicken, back",2202,2022-10-28
2706082,survey_fndds_food,"Chicken, neck or ribs",2202,2022-10-28
2706083,survey_fndds_food,"Chicken, tail",2202,2022-10-28
2706084,survey_fndds_food,Chicken skin,2202,2022-10-28
2706085,survey_fndds_food,Chicken feet,2202,2022-10-28
2706086,survey_fndds_food,"Chicken, canned, meat only",2202,2022-10-28
2706087,survey_fndds_food,"Chicken, chicken roll, roasted",2202,2022-10-28
2706088,survey_fndds_food,"Chicken patty, breaded",2204,2022-10-28
2706089,survey_fndds_food,"Chicken fillet, breaded",2204,2022-10-28
2706090,survey_fndds_food,"Chicken fillet, grilled",2204,2022-10-28
2706091,survey_fndds_food,"Chicken, ground",2202,2022-10-28
2706092,survey_fndds_food,"Chicken nuggets, NFS",2204,2022-10-28
2706095,survey_fndds_food,"Chicken nuggets, from school lunch",2204,2022-10-28
2706096,survey_fndds_food,"Chicken nuggets, from frozen",2204,2022-10-28
2706097,survey_fndds_food,"Chicken nuggets, from other sources",2204,2022-10-28
2706098,survey_fndds_food,"Chicken tenders or strips, NFS",2204,2022-10-28
2706101,survey_fndds_food,"Chicken tenders or strips, breaded, from school lunch",2204,2022-10-28
2706102,survey_fndds_food,"Chicken tenders or strips, breaded, from frozen",2204,2022-10-28
2706103,survey_fndds_food,"Chicken tenders or strips, breaded, from other sources",2204,2022-10-28
2706104,survey_fndds_food,"Turkey, NFS",2206,2022-10-28
2706105,survey_fndds_food,"Turkey, light meat, skin not eaten",2206,2022-10-28
2706106,survey_fndds_food,"Turkey, light meat, skin eaten",2206,2022-10-28
2706107,survey_fndds_food,"Turkey, light meat, breaded, baked or fried, skin not eaten",2206,2022-10-28
2706108,survey_fndds_food,"Turkey, light meat, breaded, baked or fried, skin eaten",2206,2022-10-28
2706109,survey_fndds_food,"Turkey, light meat, roasted, skin not eaten",2206,2022-10-28
2706110,survey_fndds_food,"Turkey, light meat, roasted, skin eaten",2206,2022-10-28
2706111,survey_fndds_food,"Turkey, dark meat, roasted, skin not eaten",2206,2022-10-28
2706112,survey_fndds_food,"Turkey, dark meat, roasted, skin eaten",2206,2022-10-28
2706113,survey_fndds_food,"Turkey, light and dark meat, roasted, skin not eaten",2206,2022-10-28
2706114,survey_fndds_food,"Turkey, light and dark meat, roasted, skin eaten",2206,2022-10-28
2706115,survey_fndds_food,"Turkey, light or dark meat, fried, coated, skin not eaten",2206,2022-10-28
2706116,survey_fndds_food,"Turkey, light or dark meat, fried, coated, skin eaten",2206,2022-10-28
2706117,survey_fndds_food,"Turkey, light or dark meat, stewed, skin not eaten",2206,2022-10-28
2706118,survey_fndds_food,"Turkey light or dark meat, stewed, skin eaten",2206,2022-10-28
2706119,survey_fndds_food,"Turkey, light or dark meat, smoked, skin eaten",2206,2022-10-28
2706120,survey_fndds_food,"Turkey, light or dark meat, smoked, skin not eaten",2206,2022-10-28
2706121,survey_fndds_food,"Turkey, drumstick, cooked, skin not eaten",2206,2022-10-28
2706122,survey_fndds_food,"Turkey, drumstick, cooked, skin eaten",2206,2022-10-28
2706123,survey_fndds_food,"Turkey, drumstick, roasted, skin not eaten",2206,2022-10-28
2706124,survey_fndds_food,"Turkey, drumstick, roasted, skin eaten",2206,2022-10-28
2706125,survey_fndds_food,"Turkey, thigh, cooked, skin eaten",2206,2022-10-28
2706126,survey_fndds_food,"Turkey, thigh, cooked, skin not eaten",2206,2022-10-28
2706127,survey_fndds_food,"Turkey, neck",2206,2022-10-28
2706128,survey_fndds_food,"Turkey, wing, cooked, skin not eaten",2206,2022-10-28
2706129,survey_fndds_food,"Turkey, wing, cooked, skin eaten",2206,2022-10-28
2706130,survey_fndds_food,"Turkey, tail",2206,2022-10-28
2706131,survey_fndds_food,"Turkey, back",2206,2022-10-28
2706132,survey_fndds_food,"Turkey, canned",2206,2022-10-28
2706133,survey_fndds_food,"Turkey, ground",2206,2022-10-28
2706134,survey_fndds_food,"Turkey, nuggets",2206,2022-10-28
2706135,survey_fndds_food,"Turkey bacon, cooked",2604,2022-10-28
2706136,survey_fndds_food,"Turkey bacon, reduced sodium, cooked",2604,2022-10-28
2706137,survey_fndds_food,"Duck, cooked, skin eaten",2206,2022-10-28
2706138,survey_fndds_food,"Duck, cooked, skin not eaten",2206,2022-10-28
2706139,survey_fndds_food,"Duck, roasted, skin eaten",2206,2022-10-28
2706140,survey_fndds_food,"Duck, roasted, skin not eaten",2206,2022-10-28
2706141,survey_fndds_food,"Duck, Peking",2206,2022-10-28
2706142,survey_fndds_food,"Goose, wild, roasted",2206,2022-10-28
2706143,survey_fndds_food,"Cornish game hen, cooked, skin eaten",2206,2022-10-28
2706144,survey_fndds_food,"Cornish game hen, cooked, skin not eaten",2206,2022-10-28
2706145,survey_fndds_food,"Cornish game hen, roasted, skin eaten",2206,2022-10-28
2706146,survey_fndds_food,"Cornish game hen, roasted, skin not eaten",2206,2022-10-28
2706147,survey_fndds_food,"Dove, cooked, NS as to cooking method",2206,2022-10-28
2706148,survey_fndds_food,"Dove, fried",2206,2022-10-28
2706149,survey_fndds_food,"Quail, cooked",2206,2022-10-28
2706150,survey_fndds_food,"Pheasant, cooked",2206,2022-10-28
2706153,survey_fndds_food,"Liver, beef",2010,2022-10-28
2706154,survey_fndds_food,"Liver, chicken",2010,2022-10-28
2706155,survey_fndds_food,"Liver, paste or pate",2010,2022-10-28
2706156,survey_fndds_food,Heart,2010,2022-10-28
2706157,survey_fndds_food,Kidney,2010,2022-10-28
2706158,survey_fndds_food,Sweetbreads,2010,2022-10-28
2706159,survey_fndds_food,Brains,2010,2022-10-28
2706160,survey_fndds_food,Tongue,2010,2022-10-28
2706161,survey_fndds_food,"Tongue pot roast, Puerto Rican style",2010,2022-10-28
2706162,survey_fndds_food,Tripe,2010,2022-10-28
2706163,survey_fndds_food,Chitterlings,2010,2022-10-28
2706164,survey_fndds_food,Hog maws,2010,2022-10-28
2706165,survey_fndds_food,Gizzard,2010,2022-10-28
2706166,survey_fndds_food,"Hot dog, NFS",2606,2022-10-28
2706167,survey_fndds_food,"Hot dog, beef",2606,2022-10-28
2706168,survey_fndds_food,"Hot dog, meat and poultry",2606,2022-10-28
2706169,survey_fndds_food,"Hot dog, reduced fat",2606,2022-10-28
2706170,survey_fndds_food,"Hot dog, turkey",2606,2022-10-28
2706171,survey_fndds_food,Beef sausage,2608,2022-10-28
2706173,survey_fndds_food,Blood sausage,2608,2022-10-28
2706174,survey_fndds_food,Bratwurst,2608,2022-10-28
2706176,survey_fndds_food,Bologna,2602,2022-10-28
2706177,survey_fndds_food,"Bologna, reduced fat",2602,2022-10-28
2706178,survey_fndds_food,"Bologna, reduced sodium",2602,2022-10-28
2706179,survey_fndds_food,Chorizo,2608,2022-10-28
2706180,survey_fndds_food,Head cheese,2602,2022-10-28
2706181,survey_fndds_food,Knockwurst,2608,2022-10-28
2706182,survey_fndds_food,Mortadella,2602,2022-10-28
2706183,survey_fndds_food,"Pastrami, NFS",2602,2022-10-28
2706184,survey_fndds_food,"Pastrami, made from any kind of meat, reduced fat",2602,2022-10-28
2706185,survey_fndds_food,"Pepperoni, NFS",2602,2022-10-28
2706186,survey_fndds_food,"Pepperoni, reduced fat",2602,2022-10-28
2706187,survey_fndds_food,"Pepperoni, reduced sodium",2602,2022-10-28
2706188,survey_fndds_food,Polish sausage,2608,2022-10-28
2706189,survey_fndds_food,Italian sausage,2608,2022-10-28
2706190,survey_fndds_food,"Sausage, NFS",2608,2022-10-28
2706191,survey_fndds_food,Pork sausage,2608,2022-10-28
2706192,survey_fndds_food,"Pork sausage, reduced fat",2608,2022-10-28
2706193,survey_fndds_food,"Pork sausage, reduced sodium",2608,2022-10-28
2706194,survey_fndds_food,Pork and beef sausage,2608,2022-10-28
2706195,survey_fndds_food,"Salami, NFS",2602,2022-10-28
2706196,survey_fndds_food,"Salami, made from any type of meat, reduced fat",2602,2022-10-28
2706197,survey_fndds_food,"Salami, made from any type of meat, reduced sodium",2602,2022-10-28
2706198,survey_fndds_food,"Scrapple, cooked",2608,2022-10-28
2706199,survey_fndds_food,Thuringer,2608,2022-10-28
2706200,survey_fndds_food,Turkey or chicken sausage,2608,2022-10-28
2706201,survey_fndds_food,"Turkey or chicken sausage, reduced sodium",2608,2022-10-28
2706202,survey_fndds_food,Turkey or chicken and pork sausage,2608,2022-10-28
2706203,survey_fndds_food,"Vienna sausage, canned",2608,2022-10-28
2706204,survey_fndds_food,Pickled sausage,2608,2022-10-28
2706205,survey_fndds_food,"Luncheon meat, NFS",2602,2022-10-28
2706206,survey_fndds_food,"Ham, prepackaged or deli, luncheon meat",2602,2022-10-28
2706207,survey_fndds_food,"Ham, prepackaged or deli, luncheon meat, reduced sodium",2602,2022-10-28
2706208,survey_fndds_food,"Chicken, prepackaged or deli, luncheon meat",2602,2022-10-28
2706209,survey_fndds_food,"Chicken, prepackaged or deli, luncheon meat, reduced sodium",2602,2022-10-28
2706210,survey_fndds_food,"Ham luncheon meat, loaf type",2602,2022-10-28
2706211,survey_fndds_food,Spam,2602,2022-10-28
2706212,survey_fndds_food,"Spam, reduced sodium",2602,2022-10-28
2706213,survey_fndds_food,Liverwurst,2602,2022-10-28
2706214,survey_fndds_food,"Luncheon meat, loaf type",2602,2022-10-28
2706215,survey_fndds_food,"Turkey, prepackaged or deli, luncheon meat",2602,2022-10-28
2706216,survey_fndds_food,"Turkey, prepackaged or deli, luncheon meat, reduced sodium",2602,2022-10-28
2706217,survey_fndds_food,"Turkey ham, prepackaged or deli, luncheon meat",2602,2022-10-28
2706218,survey_fndds_food,"Beef, prepackaged or deli, luncheon meat",2602,2022-10-28
2706219,survey_fndds_food,"Beef, prepackaged or deli, luncheon meat, reduced sodium",2602,2022-10-28
2706220,survey_fndds_food,"Meat spread or potted meat, NFS",2602,2022-10-28
2706221,survey_fndds_food,Chicken salad spread,2602,2022-10-28
2706222,survey_fndds_food,Ham salad spread,2602,2022-10-28
2706223,survey_fndds_food,"Fish, raw",2402,2022-10-28
2706224,survey_fndds_food,"Fish, NFS",2402,2022-10-28
2706225,survey_fndds_food,"Fish, NS as to type, baked or broiled",2402,2022-10-28
2706226,survey_fndds_food,"Fish, NS as to type, baked or broiled, coated",2402,2022-10-28
2706227,survey_fndds_food,"Fish, NS as to type, fried",2402,2022-10-28
2706228,survey_fndds_food,"Fish, NS as to type, steamed",2402,2022-10-28
2706229,survey_fndds_food,"Fish, canned",2402,2022-10-28
2706230,survey_fndds_food,"Fish, smoked",2402,2022-10-28
2706231,survey_fndds_food,"Fish, stick",2402,2022-10-28
2706232,survey_fndds_food,"Fish, anchovy",2402,2022-10-28
2706233,survey_fndds_food,"Fish, carp",2402,2022-10-28
2706234,survey_fndds_food,"Fish, catfish, NFS",2402,2022-10-28
2706235,survey_fndds_food,"Fish, catfish, baked or broiled",2402,2022-10-28
2706236,survey_fndds_food,"Fish, catfish, grilled",2402,2022-10-28
2706237,survey_fndds_food,"Fish, catfish, baked or broiled, coated",2402,2022-10-28
2706238,survey_fndds_food,"Fish, catfish, fried",2402,2022-10-28
2706239,survey_fndds_food,"Fish, catfish, steamed",2402,2022-10-28
2706240,survey_fndds_food,"Fish, cod, NFS",2402,2022-10-28
2706241,survey_fndds_food,"Fish, cod, baked or broiled",2402,2022-10-28
2706242,survey_fndds_food,"Fish, cod, grilled",2402,2022-10-28
2706243,survey_fndds_food,"Fish, cod, baked or broiled, coated",2402,2022-10-28
2706244,survey_fndds_food,"Fish, cod, fried",2402,2022-10-28
2706245,survey_fndds_food,"Fish, cod, steamed",2402,2022-10-28
2706246,survey_fndds_food,"Fish, croaker",2402,2022-10-28
2706247,survey_fndds_food,"Fish, eel",2402,2022-10-28
2706248,survey_fndds_food,"Fish, flounder, NFS",2402,2022-10-28
2706249,survey_fndds_food,"Fish, flounder, baked or broiled",2402,2022-10-28
2706250,survey_fndds_food,"Fish, flounder, grilled",2402,2022-10-28
2706251,survey_fndds_food,"Fish, flounder, baked or broiled, coated",2402,2022-10-28
2706252,survey_fndds_food,"Fish, flounder, fried",2402,2022-10-28
2706253,survey_fndds_food,"Fish, flounder, steamed",2402,2022-10-28
2706254,survey_fndds_food,"Fish, haddock, NFS",2402,2022-10-28
2706255,survey_fndds_food,"Fish, haddock, baked or broiled",2402,2022-10-28
2706256,survey_fndds_food,"Fish, haddock, grilled",2402,2022-10-28
2706257,survey_fndds_food,"Fish, haddock, baked or broiled, coated",2402,2022-10-28
2706258,survey_fndds_food,"Fish, haddock, fried",2402,2022-10-28
2706259,survey_fndds_food,"Fish, haddock, steamed",2402,2022-10-28
2706260,survey_fndds_food,"Fish, halibut",2402,2022-10-28
2706261,survey_fndds_food,"Fish, herring",2402,2022-10-28
2706262,survey_fndds_food,"Fish, pickled",2402,2022-10-28
2706263,survey_fndds_food,"Fish, mackerel, NFS",2402,2022-10-28
2706264,survey_fndds_food,"Fish, mackerel, baked or broiled",2402,2022-10-28
2706265,survey_fndds_food,"Fish, mackerel, grilled",2402,2022-10-28
2706266,survey_fndds_food,"Fish, mackerel, baked or broiled, coated",2402,2022-10-28
2706267,survey_fndds_food,"Fish, mackerel, fried",2402,2022-10-28
2706268,survey_fndds_food,"Fish, mackerel, canned",2402,2022-10-28
2706269,survey_fndds_food,"Fish, mullet",2402,2022-10-28
2706270,survey_fndds_food,"Fish, perch, NFS",2402,2022-10-28
2706271,survey_fndds_food,"Fish, perch, baked or broiled",2402,2022-10-28
2706272,survey_fndds_food,"Fish, perch, grilled",2402,2022-10-28
2706273,survey_fndds_food,"Fish, perch, baked or broiled, coated",2402,2022-10-28
2706274,survey_fndds_food,"Fish, perch, fried",2402,2022-10-28
2706275,survey_fndds_food,"Fish, perch, steamed",2402,2022-10-28
2706276,survey_fndds_food,"Fish, pike",2402,2022-10-28
2706277,survey_fndds_food,"Fish, pompano, NFS",2402,2022-10-28
2706278,survey_fndds_food,"Fish, pompano, baked or broiled",2402,2022-10-28
2706279,survey_fndds_food,"Fish, pompano, grilled",2402,2022-10-28
2706280,survey_fndds_food,"Fish, pompano, baked or broiled, coated",2402,2022-10-28
2706281,survey_fndds_food,"Fish, pompano, fried",2402,2022-10-28
2706282,survey_fndds_food,"Fish, pompano, steamed",2402,2022-10-28
2706283,survey_fndds_food,"Fish, snapper",2402,2022-10-28
2706284,survey_fndds_food,"Fish, salmon, raw",2402,2022-10-28
2706285,survey_fndds_food,"Fish, salmon, NFS",2402,2022-10-28
2706286,survey_fndds_food,"Fish, salmon, baked or broiled",2402,2022-10-28
2706287,survey_fndds_food,"Fish, salmon, grilled",2402,2022-10-28
2706288,survey_fndds_food,"Fish, salmon, baked or broiled, coated",2402,2022-10-28
2706289,survey_fndds_food,"Fish, salmon, fried",2402,2022-10-28
2706290,survey_fndds_food,"Fish, salmon, steamed",2402,2022-10-28
2706291,survey_fndds_food,"Fish, salmon, canned",2402,2022-10-28
2706292,survey_fndds_food,"Fish, salmon, smoked",2402,2022-10-28
2706293,survey_fndds_food,"Fish, sardines, canned",2402,2022-10-28
2706294,survey_fndds_food,"Fish, bass, NFS",2402,2022-10-28
2706295,survey_fndds_food,"Fish, bass, baked or broiled",2402,2022-10-28
2706296,survey_fndds_food,"Fish, bass, grilled",2402,2022-10-28
2706297,survey_fndds_food,"Fish, bass, baked or broiled, coated",2402,2022-10-28
2706298,survey_fndds_food,"Fish, bass, fried",2402,2022-10-28
2706299,survey_fndds_food,"Fish, bass, steamed",2402,2022-10-28
2706300,survey_fndds_food,"Fish, shark",2402,2022-10-28
2706301,survey_fndds_food,"Fish, swordfish",2402,2022-10-28
2706302,survey_fndds_food,"Fish, trout, NFS",2402,2022-10-28
2706303,survey_fndds_food,"Fish, trout, baked or broiled",2402,2022-10-28
2706304,survey_fndds_food,"Fish, trout, grilled",2402,2022-10-28
2706305,survey_fndds_food,"Fish, trout, baked or broiled, coated",2402,2022-10-28
2706306,survey_fndds_food,"Fish, trout, fried",2402,2022-10-28
2706307,survey_fndds_food,"Fish, trout, steamed",2402,2022-10-28
2706308,survey_fndds_food,"Fish, tuna, raw",2402,2022-10-28
2706309,survey_fndds_food,"Fish, tuna, NFS",2402,2022-10-28
2706310,survey_fndds_food,"Fish, tuna, cooked",2402,2022-10-28
2706311,survey_fndds_food,"Fish, tuna, canned",2402,2022-10-28
2706312,survey_fndds_food,"Fish, whiting, NFS",2402,2022-10-28
2706313,survey_fndds_food,"Fish, whiting, baked or broiled",2402,2022-10-28
2706314,survey_fndds_food,"Fish, whiting, grilled",2402,2022-10-28
2706315,survey_fndds_food,"Fish, whiting, baked or broiled, coated",2402,2022-10-28
2706316,survey_fndds_food,"Fish, whiting, fried",2402,2022-10-28
2706317,survey_fndds_food,"Fish, whiting, steamed",2402,2022-10-28
2706318,survey_fndds_food,"Fish, tilapia, NFS",2402,2022-10-28
2706319,survey_fndds_food,"Fish, tilapia, baked or broiled",2402,2022-10-28
2706320,survey_fndds_food,"Fish, tilapia, grilled",2402,2022-10-28
2706321,survey_fndds_food,"Fish, tilapia, baked or broiled, coated",2402,2022-10-28
2706322,survey_fndds_food,"Fish, tilapia, fried",2402,2022-10-28
2706323,survey_fndds_food,"Fish, tilapia, steamed",2402,2022-10-28
2706324,survey_fndds_food,"Fish, white, mixed species, NFS",2402,2022-10-28
2706325,survey_fndds_food,"Fish, white, mixed species, baked or broiled",2402,2022-10-28
2706326,survey_fndds_food,"Fish, white, mixed species, baked or broiled, coated",2402,2022-10-28
2706327,survey_fndds_food,"Fish, white, mixed species, fried",2402,2022-10-28
2706328,survey_fndds_food,"Fish, white, mixed species, steamed",2402,2022-10-28
2706329,survey_fndds_food,"Fish, white, mixed species, grilled",2402,2022-10-28
2706330,survey_fndds_food,Frog legs,2404,2022-10-28
2706331,survey_fndds_food,Octopus,2404,2022-10-28
2706332,survey_fndds_food,Caviar,2402,2022-10-28
2706333,survey_fndds_food,"Calamari, cooked",2404,2022-10-28
2706334,survey_fndds_food,"Calamari, fried",2404,2022-10-28
2706335,survey_fndds_food,Turtle,2404,2022-10-28
2706336,survey_fndds_food,"Shellfish, NFS",2404,2022-10-28
2706337,survey_fndds_food,Abalone,2404,2022-10-28
2706338,survey_fndds_food,"Clams, raw",2404,2022-10-28
2706339,survey_fndds_food,"Clams, NFS",2404,2022-10-28
2706340,survey_fndds_food,"Clams, baked or broiled",2404,2022-10-28
2706341,survey_fndds_food,"Clams, fried",2404,2022-10-28
2706342,survey_fndds_food,"Clams, steamed or boiled",2404,2022-10-28
2706343,survey_fndds_food,"Clams, canned",2404,2022-10-28
2706344,survey_fndds_food,Crab,2404,2022-10-28
2706345,survey_fndds_food,"Crab, canned",2404,2022-10-28
2706346,survey_fndds_food,"Crab, soft shell",2404,2022-10-28
2706347,survey_fndds_food,"Crayfish, fried",2404,2022-10-28
2706348,survey_fndds_food,"Crayfish, cooked",2404,2022-10-28
2706349,survey_fndds_food,Lobster,2404,2022-10-28
2706350,survey_fndds_food,Mussels,2404,2022-10-28
2706351,survey_fndds_food,"Oysters, raw",2404,2022-10-28
2706352,survey_fndds_food,"Oysters, baked or broiled",2404,2022-10-28
2706353,survey_fndds_food,"Oysters, steamed",2404,2022-10-28
2706354,survey_fndds_food,"Oysters, fried",2404,2022-10-28
2706355,survey_fndds_food,"Oysters, canned",2404,2022-10-28
2706356,survey_fndds_food,"Scallops, baked or broiled",2404,2022-10-28
2706357,survey_fndds_food,"Scallops, grilled",2404,2022-10-28
2706358,survey_fndds_food,"Scallops, steamed or boiled",2404,2022-10-28
2706359,survey_fndds_food,"Scallops, fried",2404,2022-10-28
2706360,survey_fndds_food,"Shrimp, NFS",2404,2022-10-28
2706361,survey_fndds_food,"Shrimp, baked or broiled",2404,2022-10-28
2706362,survey_fndds_food,"Shrimp, grilled",2404,2022-10-28
2706363,survey_fndds_food,"Shrimp, steamed or boiled",2404,2022-10-28
2706364,survey_fndds_food,"Shrimp, fried",2404,2022-10-28
2706365,survey_fndds_food,"Shrimp, baked or broiled, coated",2404,2022-10-28
2706366,survey_fndds_food,"Shrimp, dried",2404,2022-10-28
2706367,survey_fndds_food,"Shrimp, canned",2404,2022-10-28
2706368,survey_fndds_food,Escargot,2404,2022-10-28
2706391,survey_fndds_food,"Barbecue beef, no sauce",2002,2022-10-28
2706400,survey_fndds_food,"Barbecue pork, no sauce",2006,2022-10-28
2706449,survey_fndds_food,Shrimp cocktail,2404,2022-10-28
2706452,survey_fndds_food,Seafood sauce,2404,2022-10-28
2706458,survey_fndds_food,Shrimp scampi,2404,2022-10-28
2707152,survey_fndds_food,"Egg, whole, raw",2502,2022-10-28
2707153,survey_fndds_food,"Egg, whole, cooked, NS as to cooking method",2502,2022-10-28
2707154,survey_fndds_food,"Egg, whole, boiled or poached",2502,2022-10-28
2707155,survey_fndds_food,"Egg, whole, fried, NS as to fat",2502,2022-10-28
2707156,survey_fndds_food,"Egg, whole, fried no added fat",2502,2022-10-28
2707162,survey_fndds_food,"Egg, whole, fried, NS as to fat type",2502,2022-10-28
2707164,survey_fndds_food,"Egg, whole, baked, NS as to fat",2502,2022-10-28
2707165,survey_fndds_food,"Egg, whole, baked, no added fat",2502,2022-10-28
2707166,survey_fndds_food,"Egg, whole, baked, fat added",2502,2022-10-28
2707167,survey_fndds_food,"Egg, whole, pickled",2502,2022-10-28
2707168,survey_fndds_food,"Egg, white only, raw",2502,2022-10-28
2707169,survey_fndds_food,"Egg, white, cooked, NS as to fat",2502,2022-10-28
2707170,survey_fndds_food,"Egg, white, cooked, no added fat",2502,2022-10-28
2707171,survey_fndds_food,"Egg, white, cooked, fat added",2502,2022-10-28
2707172,survey_fndds_food,"Egg, yolk only, raw",2502,2022-10-28
2707173,survey_fndds_food,"Egg, yolk only, cooked, NS as to fat",2502,2022-10-28
2707174,survey_fndds_food,"Egg, yolk only, cooked, no added fat",2502,2022-10-28
2707175,survey_fndds_food,"Egg, yolk only, cooked, fat added",2502,2022-10-28
2707176,survey_fndds_food,"Duck egg, cooked",2502,2022-10-28
2707177,survey_fndds_food,"Goose egg, cooked",2502,2022-10-28
2707178,survey_fndds_food,"Quail egg, canned",2502,2022-10-28
2707179,survey_fndds_food,"Egg, creamed",2502,2022-10-28
2707180,survey_fndds_food,"Egg, Benedict",2502,2022-10-28
2707181,survey_fndds_food,"Egg, deviled",2502,2022-10-28
2707191,survey_fndds_food,Huevos rancheros,2502,2022-10-28
2707198,survey_fndds_food,"Egg omelet or scrambled egg, NS as to fat",2502,2022-10-28
2707204,survey_fndds_food,"Egg omelet or scrambled egg, NS as to fat type",2502,2022-10-28
2707205,survey_fndds_food,"Egg omelet or scrambled egg, no added fat",2502,2022-10-28
2707283,survey_fndds_food,"Egg white omelet, scrambled, or fried, NS as to fat",2502,2022-10-28
2707288,survey_fndds_food,"Egg white omelet, scrambled, or fried, NS as to fat type",2502,2022-10-28
2707289,survey_fndds_food,"Egg white omelet, scrambled, or fried, no added fat",2502,2022-10-28
2707298,survey_fndds_food,"Egg substitute, omelet, scrambled, or fried, fat added",2502,2022-10-28
2707299,survey_fndds_food,"Egg substitute, omelet, scrambled, or fried, no added fat",2502,2022-10-28
2707347,survey_fndds_food,"Beans, NFS",2802,2022-10-28
2707348,survey_fndds_food,"Beans, from dried, NS as to type, fat added",2802,2022-10-28
2707349,survey_fndds_food,"Beans, from dried, NS as to type, no added fat",2802,2022-10-28
2707350,survey_fndds_food,"Beans, from canned, NS as to type, fat added",2802,2022-10-28
2707351,survey_fndds_food,"Beans, from canned, NS as to type, no added fat",2802,2022-10-28
2707353,survey_fndds_food,"White beans, NFS",2802,2022-10-28
2707354,survey_fndds_food,"White beans, from dried, fat added",2802,2022-10-28
2707355,survey_fndds_food,"White beans, from dried, no added fat",2802,2022-10-28
2707356,survey_fndds_food,"White beans, from canned, fat added",2802,2022-10-28
2707357,survey_fndds_food,"White beans, from canned, no added fat",2802,2022-10-28
2707358,survey_fndds_food,"White beans, from canned, reduced sodium",2802,2022-10-28
2707359,survey_fndds_food,"Black beans, NFS",2802,2022-10-28
2707360,survey_fndds_food,"Black beans, from dried, fat added",2802,2022-10-28
2707361,survey_fndds_food,"Black beans, from dried, no added fat",2802,2022-10-28
2707362,survey_fndds_food,"Black beans, from canned, fat added",2802,2022-10-28
2707363,survey_fndds_food,"Black beans, from canned, no added fat",2802,2022-10-28
2707364,survey_fndds_food,"Black beans, from canned, reduced sodium",2802,2022-10-28
2707367,survey_fndds_food,"Fava beans, cooked",2802,2022-10-28
2707368,survey_fndds_food,"Lima beans, NFS",2802,2022-10-28
2707369,survey_fndds_food,"Lima beans, from dried",2802,2022-10-28
2707370,survey_fndds_food,"Pink beans, cooked",2802,2022-10-28
2707371,survey_fndds_food,"Pinto beans, NFS",2802,2022-10-28
2707372,survey_fndds_food,"Pinto beans, from dried, fat added",2802,2022-10-28
2707373,survey_fndds_food,"Pinto beans, from dried, no added fat",2802,2022-10-28
2707374,survey_fndds_food,"Pinto beans, from canned, fat added",2802,2022-10-28
2707375,survey_fndds_food,"Pinto beans, from canned, no added fat",2802,2022-10-28
2707376,survey_fndds_food,"Pinto beans, from canned, reduced sodium",2802,2022-10-28
2707379,survey_fndds_food,"Kidney beans, NFS",2802,2022-10-28
2707380,survey_fndds_food,"Kidney beans, from dried, fat added",2802,2022-10-28
2707381,survey_fndds_food,"Kidney beans, from dried, no added fat",2802,2022-10-28
2707382,survey_fndds_food,"Kidney beans, from canned, fat added",2802,2022-10-28
2707383,survey_fndds_food,"Kidney beans, from canned, no added fat",2802,2022-10-28
2707384,survey_fndds_food,"Kidney beans, from canned, reduced sodium",2802,2022-10-28
2707387,survey_fndds_food,"Peruvian beans, from dried",2802,2022-10-28
2707388,survey_fndds_food,"Soybeans, cooked",2802,2022-10-28
2707389,survey_fndds_food,"Mung beans, cooked",2802,2022-10-28
2707390,survey_fndds_food,Baked beans,2802,2022-10-28
2707391,survey_fndds_food,"Baked beans, vegetarian",2802,2022-10-28
2707393,survey_fndds_food,"Beans and tomatoes, no added fat",2802,2022-10-28
2707394,survey_fndds_food,"Beans and tomatoes, fat added",2802,2022-10-28
2707396,survey_fndds_food,Refried beans,2802,2022-10-28
2707399,survey_fndds_food,"Refried beans, from canned, reduced sodium",2802,2022-10-28
2707405,survey_fndds_food,Beans and franks,2802,2022-10-28
2707406,survey_fndds_food,Pork and beans,2802,2022-10-28
2707410,survey_fndds_food,"Baked beans, reduced sodium",2802,2022-10-28
2707412,survey_fndds_food,"Blackeyed peas, NFS",2802,2022-10-28
2707413,survey_fndds_food,"Blackeyed peas, from dried",2802,2022-10-28
2707414,survey_fndds_food,"Chickpeas, NFS",2802,2022-10-28
2707415,survey_fndds_food,"Chickpeas, from dried, fat added",2802,2022-10-28
2707416,survey_fndds_food,"Chickpeas, from dried, no added fat",2802,2022-10-28
2707417,survey_fndds_food,"Chickpeas, from canned, fat added",2802,2022-10-28
2707418,survey_fndds_food,"Chickpeas, from canned, no added fat",2802,2022-10-28
2707419,survey_fndds_food,"Chickpeas, from canned, reduced sodium",2802,2022-10-28
2707420,survey_fndds_food,"Split peas, from dried, no added fat",2802,2022-10-28
2707421,survey_fndds_food,"Split peas, from dried, fat added",2802,2022-10-28
2707422,survey_fndds_food,Wasabi peas,2802,2022-10-28
2707423,survey_fndds_food,"Lentils, NFS",2802,2022-10-28
2707424,survey_fndds_food,"Lentils, from dried, fat added",2802,2022-10-28
2707425,survey_fndds_food,"Lentils, from dried, no added fat",2802,2022-10-28
2707426,survey_fndds_food,"Lentils, from canned",2802,2022-10-28
2707427,survey_fndds_food,Dal,2802,2022-10-28
2707429,survey_fndds_food,"Papad, grilled or broiled",2802,2022-10-28
2707433,survey_fndds_food,Soy nuts,2802,2022-10-28
2707435,survey_fndds_food,Soybean curd,2806,2022-10-28
2707436,survey_fndds_food,"Edamame, cooked",2802,2022-10-28
2707437,survey_fndds_food,Soybean curd cheese,2806,2022-10-28
2707444,survey_fndds_food,"Yogurt, soy",1904,2022-10-28
2707448,survey_fndds_food,"Soybean curd, deep fried",2806,2022-10-28
2707449,survey_fndds_food,"Soybean curd, breaded, fried",2806,2022-10-28
2707450,survey_fndds_food,"Vermicelli, made from soybeans",2806,2022-10-28
2707451,survey_fndds_food,"Textured vegetable protein, dry",2806,2022-10-28
2707452,survey_fndds_food,"Frozen dessert, non-dairy",2806,2022-10-28
2707465,survey_fndds_food,"Bacon strip, meatless",2806,2022-10-28
2707466,survey_fndds_food,Bacon bits,2604,2022-10-28
2707467,survey_fndds_food,"Breakfast link, pattie, or slice, meatless",2806,2022-10-28
2707468,survey_fndds_food,"Chicken, meatless, NFS",2806,2022-10-28
2707469,survey_fndds_food,"Chicken, meatless, breaded, fried",2806,2022-10-28
2707470,survey_fndds_food,"Hot dog, vegetarian",2806,2022-10-28
2707471,survey_fndds_food,"Luncheon slice, meatless-beef, chicken, salami or turkey",2806,2022-10-28
2707472,survey_fndds_food,"Meatball, meatless",2806,2022-10-28
2707473,survey_fndds_food,"Veggie burger patty, no bun",2806,2022-10-28
2707478,survey_fndds_food,"Vegetarian, fillet",2806,2022-10-28
2707484,survey_fndds_food,"Nuts, NFS",2804,2022-10-28
2707485,survey_fndds_food,"Almonds, NFS",2804,2022-10-28
2707486,survey_fndds_food,"Almonds, unroasted",2804,2022-10-28
2707487,survey_fndds_food,"Almonds, salted",2804,2022-10-28
2707488,survey_fndds_food,"Almonds, lightly salted",2804,2022-10-28
2707489,survey_fndds_food,"Almonds, unsalted",2804,2022-10-28
2707490,survey_fndds_food,"Almonds, flavored",2804,2022-10-28
2707491,survey_fndds_food,"Almonds, honey roasted",2804,2022-10-28
2707492,survey_fndds_food,Brazil nuts,2804,2022-10-28
2707493,survey_fndds_food,"Cashews, NFS",2804,2022-10-28
2707494,survey_fndds_food,"Cashews, unroasted",2804,2022-10-28
2707495,survey_fndds_food,"Cashews, salted",2804,2022-10-28
2707496,survey_fndds_food,"Cashews, lightly salted",2804,2022-10-28
2707497,survey_fndds_food,"Cashews, unsalted",2804,2022-10-28
2707498,survey_fndds_food,"Cashews, honey roasted",2804,2022-10-28
2707499,survey_fndds_food,Chestnuts,2804,2022-10-28
2707500,survey_fndds_food,"Coconut, fresh",2804,2022-10-28
2707501,survey_fndds_food,"Coconut, packaged",2804,2022-10-28
2707502,survey_fndds_food,Hazelnuts,2804,2022-10-28
2707503,survey_fndds_food,Macadamia nuts,2804,2022-10-28
2707504,survey_fndds_food,"Mixed nuts, NFS",2804,2022-10-28
2707505,survey_fndds_food,"Mixed nuts, unroasted",2804,2022-10-28
2707509,survey_fndds_food,"Mixed nuts, without peanuts, salted",2804,2022-10-28
2707510,survey_fndds_food,"Mixed nuts, without peanuts, unsalted",2804,2022-10-28
2707511,survey_fndds_food,"Mixed nuts, honey roasted",2804,2022-10-28
2707512,survey_fndds_food,"Peanuts, NFS",2804,2022-10-28
2707513,survey_fndds_food,"Peanuts, boiled",2804,2022-10-28
2707514,survey_fndds_food,"Peanuts, unroasted",2804,2022-10-28
2707515,survey_fndds_food,"Peanuts, roasted, salted",2804,2022-10-28
2707516,survey_fndds_food,"Peanuts, roasted, unsalted",2804,2022-10-28
2707517,survey_fndds_food,"Peanuts, dry roasted, salted",2804,2022-10-28
2707518,survey_fndds_food,"Peanuts, dry roasted, lightly salted",2804,2022-10-28
2707519,survey_fndds_food,"Peanuts, dry roasted, unsalted",2804,2022-10-28
2707520,survey_fndds_food,"Peanuts, honey roasted",2804,2022-10-28
2707521,survey_fndds_food,"Pecans, NFS",2804,2022-10-28
2707522,survey_fndds_food,"Pecans, unroasted",2804,2022-10-28
2707523,survey_fndds_food,"Pecans, salted",2804,2022-10-28
2707524,survey_fndds_food,"Pecans, unsalted",2804,2022-10-28
2707525,survey_fndds_food,"Pecans, honey roasted",2804,2022-10-28
2707526,survey_fndds_food,Pine nuts,2804,2022-10-28
2707527,survey_fndds_food,"Pistachio nuts, NFS",2804,2022-10-28
2707528,survey_fndds_food,"Pistachio nuts, salted",2804,2022-10-28
2707529,survey_fndds_food,"Pistachio nuts, lightly salted",2804,2022-10-28
2707530,survey_fndds_food,"Pistachio nuts, unsalted",2804,2022-10-28
2707531,survey_fndds_food,"Walnuts, excluding honey roasted",2804,2022-10-28
2707532,survey_fndds_food,"Walnuts, honey roasted",2804,2022-10-28
2707533,survey_fndds_food,Almond butter,2804,2022-10-28
2707534,survey_fndds_food,"Almond butter, lower sodium",2804,2022-10-28
2707535,survey_fndds_food,Almond paste,2804,2022-10-28
2707536,survey_fndds_food,Cashew butter,2804,2022-10-28
2707537,survey_fndds_food,Peanut butter,2804,2022-10-28
2707538,survey_fndds_food,"Peanut butter, lower sodium",2804,2022-10-28
2707539,survey_fndds_food,"Peanut butter, lower sodium and lower sugar",2804,2022-10-28
2707540,survey_fndds_food,"Peanut butter, lower sugar",2804,2022-10-28
2707541,survey_fndds_food,"Peanut butter, reduced fat",2804,2022-10-28
2707542,survey_fndds_food,"Peanut butter, vitamin and mineral fortified",2804,2022-10-28
2707543,survey_fndds_food,Peanut butter and jelly,2804,2022-10-28
2707544,survey_fndds_food,Peanut butter and chocolate spread,2804,2022-10-28
2707545,survey_fndds_food,Soy nut butter,2806,2022-10-28
2707568,survey_fndds_food,"Coconut milk, used in cooking",1902,2022-10-28
2707569,survey_fndds_food,"Yogurt, coconut milk",1904,2022-10-28
2707570,survey_fndds_food,"Yogurt, almond milk",1904,2022-10-28
2707571,survey_fndds_food,"Coconut cream, canned, sweetened",1902,2022-10-28
2707574,survey_fndds_food,"Trail mix, NFS",2804,2022-10-28
2707579,survey_fndds_food,"Pumpkin seeds, NFS",2804,2022-10-28
2707580,survey_fndds_food,"Pumpkin seeds, salted",2804,2022-10-28
2707581,survey_fndds_food,"Pumpkin seeds, unsalted",2804,2022-10-28
2707582,survey_fndds_food,"Sunflower seeds, plain, unsalted",2804,2022-10-28
2707583,survey_fndds_food,"Sunflower seeds, plain, salted",2804,2022-10-28
2707584,survey_fndds_food,"Sunflower seeds, flavored",2804,2022-10-28
2707585,survey_fndds_food,"Sunflower seeds, NFS",2804,2022-10-28
2707586,survey_fndds_food,Sesame seeds,2804,2022-10-28
2707587,survey_fndds_food,Tahini,2804,2022-10-28
2707588,survey_fndds_food,Flax seeds,2804,2022-10-28
2707589,survey_fndds_food,Mixed seeds,2804,2022-10-28
2707590,survey_fndds_food,Chia seeds,2804,2022-10-28
2707591,survey_fndds_food,"Bread, NS as to major flour",4202,2022-10-28
2707592,survey_fndds_food,"Bread, NS as to major flour, toasted",4202,2022-10-28
2707593,survey_fndds_food,"Bread, made from home recipe or purchased at a bakery, NS as to major flour",4202,2022-10-28
2707594,survey_fndds_food,"Bread, made from home recipe or purchased at a bakery, toasted, NS as to major flour",4202,2022-10-28
2707595,survey_fndds_food,"Roll, NS as to major flour",4204,2022-10-28
2707596,survey_fndds_food,"Roll, hard, NS as to major flour",4204,2022-10-28
2707597,survey_fndds_food,"Roll, bran, NS as to type of bran",4204,2022-10-28
2707598,survey_fndds_food,"Bread, white",4202,2022-10-28
2707599,survey_fndds_food,"Bread, white, toasted",4202,2022-10-28
2707600,survey_fndds_food,"Bread, white, made from home recipe or purchased at a bakery",4202,2022-10-28
2707601,survey_fndds_food,"Bread, white, made from home recipe or purchased at a bakery, toasted",4202,2022-10-28
2707604,survey_fndds_food,"Bread, Cuban",4202,2022-10-28
2707605,survey_fndds_food,"Bread, Cuban, toasted",4202,2022-10-28
2707606,survey_fndds_food,"Bread, native, water, Puerto Rican style",4202,2022-10-28
2707607,survey_fndds_food,"Bread, native, water, toasted, Puerto Rican style",4202,2022-10-28
2707608,survey_fndds_food,"Bread, lard, Puerto Rican style",4202,2022-10-28
2707609,survey_fndds_food,"Bread, lard, toasted, Puerto Rican style",4202,2022-10-28
2707610,survey_fndds_food,"Bread, French or Vienna",4202,2022-10-28
2707611,survey_fndds_food,"Bread, French or Vienna, toasted",4202,2022-10-28
2707612,survey_fndds_food,"Focaccia, Italian, plain",4202,2022-10-28
2707613,survey_fndds_food,"Bread, naan",4202,2022-10-28
2707614,survey_fndds_food,"Bread, Italian, Grecian, Armenian",4202,2022-10-28
2707615,survey_fndds_food,"Bread, Italian, Grecian, Armenian, toasted",4202,2022-10-28
2707616,survey_fndds_food,"Bread, pita",4202,2022-10-28
2707618,survey_fndds_food,"Bread, cheese",4202,2022-10-28
2707619,survey_fndds_food,"Bread, cheese, toasted",4202,2022-10-28
2707620,survey_fndds_food,"Bread, cinnamon",4202,2022-10-28
2707621,survey_fndds_food,"Bread, cinnamon, toasted",4202,2022-10-28
2707622,survey_fndds_food,"Bread, cornmeal and molasses",4202,2022-10-28
2707623,survey_fndds_food,"Bread, cornmeal and molasses, toasted",4202,2022-10-28
2707624,survey_fndds_food,"Bread, egg, Challah",4202,2022-10-28
2707625,survey_fndds_food,"Bread, egg, Challah, toasted",4202,2022-10-28
2707626,survey_fndds_food,"Garlic bread, NFS",4202,2022-10-28
2707628,survey_fndds_food,"Garlic bread, from frozen",4202,2022-10-28
2707633,survey_fndds_food,"Bread, onion",4202,2022-10-28
2707634,survey_fndds_food,"Bread, onion, toasted",4202,2022-10-28
2707635,survey_fndds_food,"Bread, reduced calorie and/or high fiber, white or NFS",4202,2022-10-28
2707636,survey_fndds_food,"Bread, reduced calorie and/or high fiber, white or NFS, toasted",4202,2022-10-28
2707639,survey_fndds_food,"Bread, white, special formula, added fiber",4202,2022-10-28
2707640,survey_fndds_food,"Bread, white, special formula, added fiber, toasted",4202,2022-10-28
2707641,survey_fndds_food,"Bread, high protein, toasted",4202,2022-10-28
2707642,survey_fndds_food,"Bread, potato",4202,2022-10-28
2707643,survey_fndds_food,"Bread, potato, toasted",4202,2022-10-28
2707644,survey_fndds_food,"Bread, raisin",4202,2022-10-28
2707645,survey_fndds_food,"Bread, raisin, toasted",4202,2022-10-28
2707646,survey_fndds_food,"Bread, sour dough",4202,2022-10-28
2707647,survey_fndds_food,"Bread, sour dough, toasted",4202,2022-10-28
2707648,survey_fndds_food,"Bread, sweet potato",4202,2022-10-28
2707649,survey_fndds_food,"Bread, sweet potato, toasted",4202,2022-10-28
2707650,survey_fndds_food,"Bread, vegetable",4202,2022-10-28
2707651,survey_fndds_food,"Bread, vegetable, toasted",4202,2022-10-28
2707653,survey_fndds_food,"Bread, dough, fried",4202,2022-10-28
2707654,survey_fndds_food,"Roll, white, soft",4204,2022-10-28
2707655,survey_fndds_food,"Roll, white, hard",4204,2022-10-28
2707656,survey_fndds_food,"Roll, white, hot dog bun",4204,2022-10-28
2707657,survey_fndds_food,"Roll, white, hamburger bun",4204,2022-10-28
2707658,survey_fndds_food,"Roll, diet",4204,2022-10-28
2707659,survey_fndds_food,"Roll, egg bread",4204,2022-10-28
2707660,survey_fndds_food,"Roll, cheese",4204,2022-10-28
2707661,survey_fndds_food,"Roll, French or Vienna",4204,2022-10-28
2707662,survey_fndds_food,"Roll, garlic",4204,2022-10-28
2707663,survey_fndds_food,"Roll, white, hoagie, submarine",4204,2022-10-28
2707664,survey_fndds_food,"Roll, Mexican, bolillo",4204,2022-10-28
2707665,survey_fndds_food,"Roll, sour dough",4204,2022-10-28
2707684,survey_fndds_food,Bagel,4206,2022-10-28
2707689,survey_fndds_food,"Breadsticks, NFS",4204,2022-10-28
2707692,survey_fndds_food,"Breadsticks, soft, NFS",4204,2022-10-28
2707694,survey_fndds_food,"Breadsticks, soft, frozen",4204,2022-10-28
2707698,survey_fndds_food,"Muffin, English",4206,2022-10-28
2707700,survey_fndds_food,"Muffin, English, cheese",4206,2022-10-28
2707706,survey_fndds_food,"Bread, whole grain white",4202,2022-10-28
2707707,survey_fndds_food,"Bread, whole grain white, toasted",4202,2022-10-28
2707708,survey_fndds_food,"Bagel, whole grain white",4206,2022-10-28
2707709,survey_fndds_food,"Bread, whole wheat",4202,2022-10-28
2707710,survey_fndds_food,"Bread, whole wheat, toasted",4202,2022-10-28
2707711,survey_fndds_food,"Bread, whole wheat, made from home recipe or purchased at bakery",4202,2022-10-28
2707712,survey_fndds_food,"Bread, whole wheat, made from home recipe or purchased at bakery, toasted",4202,2022-10-28
2707713,survey_fndds_food,"Bread, chappatti or roti",4202,2022-10-28
2707714,survey_fndds_food,"Bread, puri",4202,2022-10-28
2707715,survey_fndds_food,"Bread, paratha",4202,2022-10-28
2707718,survey_fndds_food,"Bread, sprouted wheat",4202,2022-10-28
2707719,survey_fndds_food,"Bread, sprouted wheat, toasted",4202,2022-10-28
2707720,survey_fndds_food,"Bread, wheat or cracked wheat",4202,2022-10-28
2707721,survey_fndds_food,"Bread, wheat or cracked wheat, toasted",4202,2022-10-28
2707722,survey_fndds_food,"Bread, wheat or cracked wheat, made from home recipe or purchased at bakery",4202,2022-10-28
2707723,survey_fndds_food,"Bread, wheat or cracked wheat, made from home recipe or purchased at bakery, toasted",4202,2022-10-28
2707726,survey_fndds_food,"Bread, wheat or cracked wheat, reduced calorie and/or high fiber",4202,2022-10-28
2707727,survey_fndds_food,"Bread, wheat or cracked wheat, reduced calorie and/or high fiber, toasted",4202,2022-10-28
2707728,survey_fndds_food,"Bread, French or Vienna, whole wheat",4202,2022-10-28
2707729,survey_fndds_food,"Bread, French or Vienna, whole wheat, toasted",4202,2022-10-28
2707730,survey_fndds_food,"Bread, pita, whole wheat",4202,2022-10-28
2707731,survey_fndds_food,"Bread, pita, wheat or cracked wheat",4202,2022-10-28
2707732,survey_fndds_food,"Bagel, wheat",4206,2022-10-28
2707733,survey_fndds_food,"Bagel, whole wheat",4206,2022-10-28
2707737,survey_fndds_food,"Bagel, wheat bran",4206,2022-10-28
2707738,survey_fndds_food,"Muffin, English, wheat bran",4206,2022-10-28
2707740,survey_fndds_food,"Muffin, English, wheat or cracked wheat",4206,2022-10-28
2707741,survey_fndds_food,"Muffin, English, whole wheat",4206,2022-10-28
2707744,survey_fndds_food,"Muffin, English, whole grain white",4206,2022-10-28
2707746,survey_fndds_food,"Roll, wheat or cracked wheat",4204,2022-10-28
2707747,survey_fndds_food,"Roll, wheat or cracked wheat, hot dog bun",4204,2022-10-28
2707748,survey_fndds_food,"Roll, wheat or cracked wheat, hamburger bun",4204,2022-10-28
2707749,survey_fndds_food,"Roll, whole wheat",4204,2022-10-28
2707750,survey_fndds_food,"Roll, whole wheat, hot dog bun",4204,2022-10-28
2707751,survey_fndds_food,"Roll, whole wheat, hamburger bun",4204,2022-10-28
2707752,survey_fndds_food,"Roll, whole grain white",4204,2022-10-28
2707753,survey_fndds_food,"Roll, whole grain white, hot dog bun",4204,2022-10-28
2707754,survey_fndds_food,"Roll, whole grain white, hamburger bun",4204,2022-10-28
2707755,survey_fndds_food,"Bread, rye",4202,2022-10-28
2707756,survey_fndds_food,"Bread, rye, toasted",4202,2022-10-28
2707757,survey_fndds_food,"Bread, marble rye and pumpernickel",4202,2022-10-28
2707758,survey_fndds_food,"Bread, marble rye and pumpernickel, toasted",4202,2022-10-28
2707759,survey_fndds_food,"Muffin, English, rye",4206,2022-10-28
2707760,survey_fndds_food,"Bread, pumpernickel",4202,2022-10-28
2707761,survey_fndds_food,"Bread, pumpernickel, toasted",4202,2022-10-28
2707762,survey_fndds_food,"Bagel, pumpernickel",4206,2022-10-28
2707763,survey_fndds_food,"Muffin, English, pumpernickel",4206,2022-10-28
2707764,survey_fndds_food,"Bread, black",4202,2022-10-28
2707765,survey_fndds_food,"Bread, black, toasted",4202,2022-10-28
2707766,survey_fndds_food,"Roll, rye",4204,2022-10-28
2707767,survey_fndds_food,"Roll, pumpernickel",4204,2022-10-28
2707768,survey_fndds_food,"Bread, oatmeal",4202,2022-10-28
2707769,survey_fndds_food,"Bread, oatmeal, toasted",4202,2022-10-28
2707770,survey_fndds_food,"Bread, oat bran",4202,2022-10-28
2707771,survey_fndds_food,"Bread, oat bran, toasted",4202,2022-10-28
2707772,survey_fndds_food,"Bagel, oat bran",4206,2022-10-28
2707773,survey_fndds_food,"Roll, oatmeal",4204,2022-10-28
2707774,survey_fndds_food,"Muffin, English, oat bran",4206,2022-10-28
2707776,survey_fndds_food,"Bread, multigrain, toasted",4202,2022-10-28
2707777,survey_fndds_food,"Bread, multigrain",4202,2022-10-28
2707780,survey_fndds_food,"Bread, multigrain, reduced calorie and/or high fiber",4202,2022-10-28
2707781,survey_fndds_food,"Bread, multigrain, reduced calorie and/or high fiber, toasted",4202,2022-10-28
2707782,survey_fndds_food,"Roll, multigrain",4204,2022-10-28
2707783,survey_fndds_food,"Roll, multigrain, hot dog bun",4204,2022-10-28
2707784,survey_fndds_food,"Roll, multigrain, hamburger bun",4204,2022-10-28
2707785,survey_fndds_food,"Bagel, multigrain",4206,2022-10-28
2707787,survey_fndds_food,"Muffin, English, multigrain",4206,2022-10-28
2707788,survey_fndds_food,"Bread, barley",4202,2022-10-28
2707789,survey_fndds_food,"Bread, barley, toasted",4202,2022-10-28
2707790,survey_fndds_food,"Bread, soy",4202,2022-10-28
2707791,survey_fndds_food,"Bread, soy, toasted",4202,2022-10-28
2707792,survey_fndds_food,"Bread, sunflower meal",4202,2022-10-28
2707793,survey_fndds_food,"Bread, sunflower meal, toasted",4202,2022-10-28
2707794,survey_fndds_food,"Bread, rice",4202,2022-10-28
2707795,survey_fndds_food,"Bread, rice, toasted",4202,2022-10-28
2707796,survey_fndds_food,"Injera, Ethiopian bread",4202,2022-10-28
2707797,survey_fndds_food,"Bread, gluten free",4202,2022-10-28
2707798,survey_fndds_food,"Bread, gluten free, toasted",4202,2022-10-28
2707800,survey_fndds_food,"Roll, gluten free",4204,2022-10-28
2707801,survey_fndds_food,"Biscuit, NFS",4402,2022-10-28
2707802,survey_fndds_food,"Biscuit, from refrigerated dough",4402,2022-10-28
2707804,survey_fndds_food,"Biscuit, home recipe",4402,2022-10-28
2707805,survey_fndds_food,"Biscuit, wheat",4402,2022-10-28
2707806,survey_fndds_food,"Biscuit, cheese",4402,2022-10-28
2707808,survey_fndds_food,Scone,4402,2022-10-28
2707810,survey_fndds_food,"Cornbread, prepared from mix",4402,2022-10-28
2707811,survey_fndds_food,"Cornbread, made from home recipe",4402,2022-10-28
2707813,survey_fndds_food,"Cornbread muffin, stick, round",4402,2022-10-28
2707814,survey_fndds_food,"Cornbread muffin, stick, round, made from home recipe",4402,2022-10-28
2707815,survey_fndds_food,"Corn flour patty or tart, fried",4402,2022-10-28
2707816,survey_fndds_food,"Corn pone, baked",4402,2022-10-28
2707817,survey_fndds_food,"Corn pone, fried",4402,2022-10-28
2707818,survey_fndds_food,"Gordita/sope shell, plain, no filling",4208,2022-10-28
2707819,survey_fndds_food,Hush puppy,4402,2022-10-28
2707820,survey_fndds_food,Johnnycake,4402,2022-10-28
2707821,survey_fndds_food,Spoonbread,4402,2022-10-28
2707822,survey_fndds_food,"Tortilla, NFS",4208,2022-10-28
2707823,survey_fndds_food,"Tortilla, corn",4208,2022-10-28
2707824,survey_fndds_food,"Tortilla, flour",4208,2022-10-28
2707825,survey_fndds_food,"Tortilla, whole wheat",4208,2022-10-28
2707826,survey_fndds_food,"Taco shell, corn",4208,2022-10-28
2707827,survey_fndds_food,"Taco shell, flour",4208,2022-10-28
2707828,survey_fndds_food,Arepa Dominicana,4402,2022-10-28
2707829,survey_fndds_food,"Muffin, NFS",4402,2022-10-28
2707830,survey_fndds_food,"Muffin, fruit",4402,2022-10-28
2707831,survey_fndds_food,"Muffin, fruit, low fat",4402,2022-10-28
2707832,survey_fndds_food,"Muffin, chocolate chip",4402,2022-10-28
2707833,survey_fndds_food,"Muffin, chocolate",4402,2022-10-28
2707834,survey_fndds_food,"Muffin, whole wheat",4402,2022-10-28
2707835,survey_fndds_food,"Muffin, wheat",4402,2022-10-28
2707836,survey_fndds_food,"Muffin, whole grain",4402,2022-10-28
2707837,survey_fndds_food,"Muffin, wheat bran",4402,2022-10-28
2707839,survey_fndds_food,"Muffin, oatmeal",4402,2022-10-28
2707840,survey_fndds_food,"Muffin, oat bran",4402,2022-10-28
2707841,survey_fndds_food,"Muffin, plain",4402,2022-10-28
2707842,survey_fndds_food,"Muffin, cheese",4402,2022-10-28
2707843,survey_fndds_food,"Muffin, pumpkin",4402,2022-10-28
2707844,survey_fndds_food,"Muffin, zucchini",4402,2022-10-28
2707845,survey_fndds_food,"Muffin, carrot",4402,2022-10-28
2707846,survey_fndds_food,Popover,4402,2022-10-28
2707847,survey_fndds_food,"Bread, Boston Brown",4402,2022-10-28
2707848,survey_fndds_food,"Bread, nut",4402,2022-10-28
2707849,survey_fndds_food,"Bread, pumpkin",4402,2022-10-28
2707850,survey_fndds_food,"Bread, fruit",4402,2022-10-28
2707851,survey_fndds_food,"Bread, zucchini",4402,2022-10-28
2707852,survey_fndds_food,"Bread, Irish soda",4402,2022-10-28
2708036,survey_fndds_food,"Crepe, chocolate filled",4404,2022-10-28
2708037,survey_fndds_food,"Crepe, fruit filled",4404,2022-10-28
2708294,survey_fndds_food,"Pancakes, NFS",4404,2022-10-28
2708295,survey_fndds_food,"Pancakes, plain, frozen",4404,2022-10-28
2708296,survey_fndds_food,"Pancakes, fruit, frozen",4404,2022-10-28
2708297,survey_fndds_food,"Pancakes, chocolate, frozen",4404,2022-10-28
2708298,survey_fndds_food,"Pancakes, whole grain, frozen",4404,2022-10-28
2708303,survey_fndds_food,"Pancakes, school",4404,2022-10-28
2708304,survey_fndds_food,"Pancakes, plain",4404,2022-10-28
2708305,survey_fndds_food,"Pancakes, plain, reduced fat",4404,2022-10-28
2708306,survey_fndds_food,"Pancakes, fruit",4404,2022-10-28
2708307,survey_fndds_food,"Pancakes, pumpkin",4404,2022-10-28
2708308,survey_fndds_food,"Pancakes, chocolate",4404,2022-10-28
2708309,survey_fndds_food,"Pancakes, whole grain",4404,2022-10-28
2708310,survey_fndds_food,"Pancakes, whole grain, reduced fat",4404,2022-10-28
2708311,survey_fndds_food,"Pancakes, gluten free",4404,2022-10-28
2708312,survey_fndds_food,"Waffle, NFS",4404,2022-10-28
2708313,survey_fndds_food,"Waffle, plain, frozen",4404,2022-10-28
2708314,survey_fndds_food,"Waffle, plain, reduced fat",4404,2022-10-28
2708315,survey_fndds_food,"Waffle, fruit, frozen",4404,2022-10-28
2708316,survey_fndds_food,"Waffle, chocolate, frozen",4404,2022-10-28
2708317,survey_fndds_food,"Waffle, whole grain, frozen",4404,2022-10-28
2708318,survey_fndds_food,"Waffle, whole grain, reduced fat",4404,2022-10-28
2708319,survey_fndds_food,"Waffle, whole grain, fruit, frozen",4404,2022-10-28
2708324,survey_fndds_food,"Waffle, school",4404,2022-10-28
2708325,survey_fndds_food,"Waffle, plain",4404,2022-10-28
2708326,survey_fndds_food,"Waffle, fruit",4404,2022-10-28
2708327,survey_fndds_food,"Waffle, chocolate",4404,2022-10-28
2708328,survey_fndds_food,"Waffle, cinnamon",4404,2022-10-28
2708329,survey_fndds_food,"Waffle, whole grain",4404,2022-10-28
2708330,survey_fndds_food,"Waffle, gluten free",4404,2022-10-28
2708331,survey_fndds_food,"French toast, NFS",4404,2022-10-28
2708332,survey_fndds_food,"French toast, frozen",4404,2022-10-28
2708334,survey_fndds_food,"French toast, school",4404,2022-10-28
2708335,survey_fndds_food,"French toast, plain",4404,2022-10-28
2708336,survey_fndds_food,"French toast, whole grain",4404,2022-10-28
2708337,survey_fndds_food,"French toast, gluten free",4404,2022-10-28
2708338,survey_fndds_food,French toast sticks,4404,2022-10-28
2708340,survey_fndds_food,"French toast sticks, school",4404,2022-10-28
2708341,survey_fndds_food,"Crepe, NFS",4404,2022-10-28
2708342,survey_fndds_food,"Crepe, plain",4404,2022-10-28
2708343,survey_fndds_food,Chinese pancake,4404,2022-10-28
2708344,survey_fndds_food,"Dumpling, no meat",4402,2022-10-28
2708347,survey_fndds_food,"Dosa, plain",4404,2022-10-28
2708351,survey_fndds_food,"Pasta, vegetable, cooked",4004,2022-10-28
2708352,survey_fndds_food,"Noodles, cooked",4004,2022-10-28
2708353,survey_fndds_food,"Noodles, whole grain, cooked",4004,2022-10-28
2708355,survey_fndds_food,"Long rice noodles, made from mung beans, cooked",4004,2022-10-28
2708356,survey_fndds_food,"Rice noodles, cooked",4004,2022-10-28
2708357,survey_fndds_food,"Pasta, cooked",4004,2022-10-28
2708358,survey_fndds_food,"Pasta, whole grain, cooked",4004,2022-10-28
2708359,survey_fndds_food,"Pasta, gluten free",4004,2022-10-28
2708360,survey_fndds_food,"Cereal, cooked, NFS",4804,2022-10-28
2708361,survey_fndds_food,Barley,4004,2022-10-28
2708362,survey_fndds_food,Buckwheat groats,4004,2022-10-28
2708363,survey_fndds_food,"Grits, NFS",4804,2022-10-28
2708373,survey_fndds_food,"Cornmeal mush, NS as to fat",4804,2022-10-28
2708374,survey_fndds_food,"Cornmeal mush, no added fat",4804,2022-10-28
2708375,survey_fndds_food,"Cornmeal mush, fat added",4804,2022-10-28
2708376,survey_fndds_food,"Masa harina, cooked",4804,2022-10-28
2708377,survey_fndds_food,Millet,4004,2022-10-28
2708380,survey_fndds_food,"Oatmeal, NFS",4802,2022-10-28
2708393,survey_fndds_food,"Oatmeal, instant, maple flavored, no added fat",4802,2022-10-28
2708394,survey_fndds_food,"Oatmeal, instant, maple flavored, fat added",4802,2022-10-28
2708395,survey_fndds_food,"Oatmeal, instant, fruit flavored, no added fat",4802,2022-10-28
2708396,survey_fndds_food,"Oatmeal, instant, fruit flavored, fat added",4802,2022-10-28
2708397,survey_fndds_food,"Oatmeal, reduced sugar",4802,2022-10-28
2708398,survey_fndds_food,"Oatmeal, multigrain",4802,2022-10-28
2708399,survey_fndds_food,"Quinoa, NS as to fat",4004,2022-10-28
2708400,survey_fndds_food,"Quinoa, no added fat",4004,2022-10-28
2708401,survey_fndds_food,"Quinoa, fat added",4004,2022-10-28
2708402,survey_fndds_food,"Rice, cooked, NFS",4002,2022-10-28
2708403,survey_fndds_food,"Rice, white, cooked, NS as to fat",4002,2022-10-28
2708407,survey_fndds_food,"Rice, white, cooked, fat added, NS as to fat type",4002,2022-10-28
2708408,survey_fndds_food,"Rice, white, cooked, no added fat",4002,2022-10-28
2708409,survey_fndds_food,"Rice, brown, cooked, NS as to fat",4002,2022-10-28
2708413,survey_fndds_food,"Rice, brown, cooked, fat added, NS as to fat type",4002,2022-10-28
2708414,survey_fndds_food,"Rice, brown, cooked, no added fat",4002,2022-10-28
2708415,survey_fndds_food,Cream of rice,4804,2022-10-28
2708418,survey_fndds_food,Congee,4002,2022-10-28
2708419,survey_fndds_food,"Yellow rice, cooked, NS as to fat",4002,2022-10-28
2708420,survey_fndds_food,"Yellow rice, cooked, no added fat",4002,2022-10-28
2708421,survey_fndds_food,"Yellow rice, cooked, fat added",4002,2022-10-28
2708422,survey_fndds_food,"Rice, white, cooked, glutinous",4002,2022-10-28
2708423,survey_fndds_food,"Rice, wild, 100%, cooked, NS as to fat",4002,2022-10-28
2708424,survey_fndds_food,"Rice, wild, 100%, cooked, no added fat",4002,2022-10-28
2708425,survey_fndds_food,"Rice, wild, 100%, cooked, fat added",4002,2022-10-28
2708426,survey_fndds_food,"Rice, white and wild, cooked, no added fat",4002,2022-10-28
2708427,survey_fndds_food,"Rice, brown and wild, cooked, no added fat",4002,2022-10-28
2708428,survey_fndds_food,"Rice, white and wild, cooked, fat added",4002,2022-10-28
2708429,survey_fndds_food,"Rice, white and wild, cooked, NS as to fat",4002,2022-10-28
2708430,survey_fndds_food,"Rice, brown and wild, cooked, fat added",4002,2022-10-28
2708431,survey_fndds_food,"Rice, brown and wild, cooked, NS as to fat",4002,2022-10-28
2708433,survey_fndds_food,"Cream of wheat, NFS",4804,2022-10-28
2708438,survey_fndds_food,"Bulgur, no added fat",4004,2022-10-28
2708439,survey_fndds_food,"Bulgur, fat added",4004,2022-10-28
2708440,survey_fndds_food,"Bulgur, NS as to fat",4004,2022-10-28
2708441,survey_fndds_food,"Couscous, plain, cooked",4004,2022-10-28
2708442,survey_fndds_food,"Whole wheat cereal, cooked",4804,2022-10-28
2708443,survey_fndds_food,"Wheat cereal, chocolate flavored, cooked",4804,2022-10-28
2708444,survey_fndds_food,"Oat bran cereal, cooked",4804,2022-10-28
2708715,survey_fndds_food,"Cornmeal stick, Puerto Rican style",4402,2022-10-28
2709128,survey_fndds_food,Upma,4804,2022-10-28
2709163,survey_fndds_food,"Meat substitute, cereal- and vegetable protein-based, fried",2806,2022-10-28
2709164,survey_fndds_food,"Clementine, raw",6012,2022-10-28
2709165,survey_fndds_food,"Grapefruit, raw",6012,2022-10-28
2709166,survey_fndds_food,"Grapefruit, canned",6012,2022-10-28
2709167,survey_fndds_food,"Kumquat, raw",6012,2022-10-28
2709168,survey_fndds_food,"Lemon, raw",6012,2022-10-28
2709170,survey_fndds_food,"Lime, raw",6012,2022-10-28
2709171,survey_fndds_food,"Orange, raw",6012,2022-10-28
2709172,survey_fndds_food,"Orange, canned, NFS",6012,2022-10-28
2709173,survey_fndds_food,"Orange, canned, juice pack",6012,2022-10-28
2709174,survey_fndds_food,"Orange, canned, in syrup",6012,2022-10-28
2709175,survey_fndds_food,"Tangerine, raw",6012,2022-10-28
2709195,survey_fndds_food,"Dried, fruit, NFS",6016,2022-10-28
2709196,survey_fndds_food,"Apple, dried",6016,2022-10-28
2709197,survey_fndds_food,"Apricot, dried",6016,2022-10-28
2709198,survey_fndds_food,"Blueberries, dried",6016,2022-10-28
2709199,survey_fndds_food,"Cherries, dried",6016,2022-10-28
2709200,survey_fndds_food,Banana chips,6016,2022-10-28
2709201,survey_fndds_food,"Currants, dried",6016,2022-10-28
2709202,survey_fndds_food,"Cranberries, dried",6016,2022-10-28
2709203,survey_fndds_food,Date,6016,2022-10-28
2709204,survey_fndds_food,"Fig, dried",6016,2022-10-28
2709205,survey_fndds_food,"Mango, dried",6016,2022-10-28
2709206,survey_fndds_food,"Papaya, dried",6016,2022-10-28
2709207,survey_fndds_food,"Peach, dried",6016,2022-10-28
2709208,survey_fndds_food,"Pear, dried",6016,2022-10-28
2709209,survey_fndds_food,"Persimmon, dried",6016,2022-10-28
2709210,survey_fndds_food,"Pineapple, dried",6016,2022-10-28
2709211,survey_fndds_food,"Prune, dried",6016,2022-10-28
2709212,survey_fndds_food,Raisins,6016,2022-10-28
2709213,survey_fndds_food,"Fruit, NFS",6018,2022-10-28
2709214,survey_fndds_food,"Fruit, pickled",6018,2022-10-28
2709215,survey_fndds_food,"Apple, raw",6002,2022-10-28
2709216,survey_fndds_food,"Applesauce, regular",6002,2022-10-28
2709217,survey_fndds_food,"Applesauce, unsweetened",6002,2022-10-28
2709218,survey_fndds_food,"Applesauce, flavored",6002,2022-10-28
2709219,survey_fndds_food,Apple pie filling,6002,2022-10-28
2709220,survey_fndds_food,"Apple, baked",6002,2022-10-28
2709221,survey_fndds_food,"Apricot, raw",6018,2022-10-28
2709222,survey_fndds_food,"Apricot, canned",6018,2022-10-28
2709223,survey_fndds_food,"Avocado, raw",6420,2022-10-28
2709224,survey_fndds_food,"Banana, raw",6004,2022-10-28
2709225,survey_fndds_food,"Banana, baked",6004,2022-10-28
2709226,survey_fndds_food,"Cantaloupe, raw",6014,2022-10-28
2709227,survey_fndds_food,"Melon, frozen",6014,2022-10-28
2709228,survey_fndds_food,"Starfruit, raw",6018,2022-10-28
2709229,survey_fndds_food,"Cherries, maraschino",6018,2022-10-28
2709231,survey_fndds_food,"Cherries, raw",6018,2022-10-28
2709232,survey_fndds_food,"Cherries, canned",6018,2022-10-28
2709233,survey_fndds_food,"Cherries, frozen",6018,2022-10-28
2709234,survey_fndds_food,Dragon fruit,6018,2022-10-28
2709235,survey_fndds_food,"Fig, raw",6018,2022-10-28
2709236,survey_fndds_food,"Fig, canned",6018,2022-10-28
2709237,survey_fndds_food,"Grapes, raw",6006,2022-10-28
2709238,survey_fndds_food,"Guava, raw",6018,2022-10-28
2709239,survey_fndds_food,"Kiwi fruit, raw",6018,2022-10-28
2709240,survey_fndds_food,Lychee,6018,2022-10-28
2709241,survey_fndds_food,"Honeydew melon, raw",6014,2022-10-28
2709242,survey_fndds_food,"Mango, raw",6024,2022-10-28
2709243,survey_fndds_food,"Mango, canned",6024,2022-10-28
2709244,survey_fndds_food,"Mango, frozen",6024,2022-10-28
2709245,survey_fndds_food,"Nectarine, raw",6008,2022-10-28
2709246,survey_fndds_food,"Papaya, raw",6024,2022-10-28
2709247,survey_fndds_food,"Papaya, canned",6024,2022-10-28
2709248,survey_fndds_food,"Passion fruit, raw",6018,2022-10-28
2709249,survey_fndds_food,"Peach, raw",6008,2022-10-28
2709250,survey_fndds_food,"Peach, canned, NFS",6008,2022-10-28
2709251,survey_fndds_food,"Peach, canned, in syrup",6008,2022-10-28
2709252,survey_fndds_food,"Peach, canned, juice pack",6008,2022-10-28
2709253,survey_fndds_food,"Peach, frozen",6008,2022-10-28
2709254,survey_fndds_food,"Pear, raw",6020,2022-10-28
2709255,survey_fndds_food,"Pear, Asian, raw",6020,2022-10-28
2709256,survey_fndds_food,"Pear, canned, NFS",6020,2022-10-28
2709257,survey_fndds_food,"Pear, canned, in syrup",6020,2022-10-28
2709258,survey_fndds_food,"Pear, canned, juice pack",6020,2022-10-28
2709259,survey_fndds_food,"Persimmon, raw",6018,2022-10-28
2709260,survey_fndds_food,"Pineapple, raw",6022,2022-10-28
2709261,survey_fndds_food,"Pineapple, canned, NFS",6022,2022-10-28
2709262,survey_fndds_food,"Pineapple, canned, in syrup",6022,2022-10-28
2709263,survey_fndds_food,"Pineapple, canned, juice pack",6022,2022-10-28
2709264,survey_fndds_food,"Pineapple, frozen",6022,2022-10-28
2709265,survey_fndds_food,"Plum, raw",6018,2022-10-28
2709266,survey_fndds_food,"Plum, canned",6018,2022-10-28
2709267,survey_fndds_food,"Pomegranate, raw",6018,2022-10-28
2709268,survey_fndds_food,Rhubarb,6018,2022-10-28
2709269,survey_fndds_food,Tamarind,6018,2022-10-28
2709270,survey_fndds_food,"Watermelon, raw",6014,2022-10-28
2709271,survey_fndds_food,"Berries, NFS",6011,2022-10-28
2709272,survey_fndds_food,"Berries, frozen",6011,2022-10-28
2709273,survey_fndds_food,"Blackberries, raw",6011,2022-10-28
2709274,survey_fndds_food,"Blackberries, frozen",6011,2022-10-28
2709275,survey_fndds_food,"Blueberries, raw",6011,2022-10-28
2709276,survey_fndds_food,"Bluberries, canned",6011,2022-10-28
2709277,survey_fndds_food,"Blueberries, frozen",6011,2022-10-28
2709279,survey_fndds_food,"Cranberries, raw",6011,2022-10-28
2709280,survey_fndds_food,Cranberry sauce,6011,2022-10-28
2709281,survey_fndds_food,"Raspberries, raw",6011,2022-10-28
2709282,survey_fndds_food,"Raspberries, frozen",6011,2022-10-28
2709283,survey_fndds_food,"Strawberries, raw",6009,2022-10-28
2709284,survey_fndds_food,"Strawberries, canned",6009,2022-10-28
2709285,survey_fndds_food,"Strawberries, frozen",6009,2022-10-28
2709286,survey_fndds_food,Ambrosia,6018,2022-10-28
2709287,survey_fndds_food,"Fruit salad, fresh or raw, excluding citrus fruits, no dressing",6018,2022-10-28
2709288,survey_fndds_food,"Fruit salad, fresh or raw, including citrus fruits, no dressing",6018,2022-10-28
2709289,survey_fndds_food,"Fruit cocktail, canned, NFS",6018,2022-10-28
2709290,survey_fndds_food,"Fruit cocktail, canned, in syrup",6018,2022-10-28
2709291,survey_fndds_food,"Fruit cocktail, canned, juice pack",6018,2022-10-28
2709292,survey_fndds_food,"Fruit mixture, frozen",6018,2022-10-28
2709294,survey_fndds_food,"Apple, candied",6002,2022-10-28
2709295,survey_fndds_food,"Fruit, chocolate covered",6018,2022-10-28
2709382,survey_fndds_food,"Potato, NFS",6802,2022-10-28
2709383,survey_fndds_food,"Potato, baked, NFS",6802,2022-10-28
2709384,survey_fndds_food,"Potato, baked, peel not eaten",6802,2022-10-28
2709385,survey_fndds_food,"Potato, boiled, NFS",6802,2022-10-28
2709386,survey_fndds_food,"Potato, boiled, ready-to-heat",6802,2022-10-28
2709387,survey_fndds_food,"Potato, boiled, from fresh, peel not eaten, NS as to fat",6802,2022-10-28
2709388,survey_fndds_food,"Potato, boiled, from fresh, peel not eaten, no added fat",6802,2022-10-28
2709389,survey_fndds_food,"Potato, boiled, from fresh, peel not eaten, fat added, NS as to fat type",6802,2022-10-28
2709393,survey_fndds_food,"Potato, boiled, from fresh, peel eaten, NS as to fat",6802,2022-10-28
2709394,survey_fndds_food,"Potato, boiled, from fresh, peel eaten, fat added, NS as to fat type",6802,2022-10-28
2709395,survey_fndds_food,"Potato, boiled, from fresh,  peel eaten, no added fat",6802,2022-10-28
2709399,survey_fndds_food,"Potato, canned, NS as to fat",6802,2022-10-28
2709400,survey_fndds_food,"Potato, canned, fat added, NS as to fat type",6802,2022-10-28
2709401,survey_fndds_food,"Potato, canned, no added fat",6802,2022-10-28
2709402,survey_fndds_food,"Potato, roasted, NFS",6802,2022-10-28
2709403,survey_fndds_food,"Potato, roasted, from fresh, peel eaten, NS as to fat",6802,2022-10-28
2709404,survey_fndds_food,"Potato, roasted, from fresh, peel eaten, no added fat",6802,2022-10-28
2709405,survey_fndds_food,"Potato, roasted, from fresh, peel eaten, fat added, NS as to fat type",6802,2022-10-28
2709409,survey_fndds_food,"Potato, roasted, from fresh, peel not eaten, NS as to fat",6802,2022-10-28
2709410,survey_fndds_food,"Potato, roasted, from fresh, peel not eaten, fat added, NS as to fat type",6802,2022-10-28
2709411,survey_fndds_food,"Potato, roasted, from fresh, peel not eaten, no added fat",6802,2022-10-28
2709415,survey_fndds_food,"Potato, roasted, ready-to-heat",6802,2022-10-28
2709416,survey_fndds_food,"Stewed potatoes, Puerto Rican style",6806,2022-10-28
2709417,survey_fndds_food,"Potato only from Puerto Rican mixed dishes, gravy and other components reported separately",6802,2022-10-28
2709448,survey_fndds_food,"Potato, scalloped, NFS",6806,2022-10-28
2709450,survey_fndds_food,"Potato, scalloped, from fresh",6806,2022-10-28
2709452,survey_fndds_food,"Potato, scalloped, from dry mix",6806,2022-10-28
2709454,survey_fndds_food,"Potato, scalloped, ready-to-heat",6806,2022-10-28
2709456,survey_fndds_food,"Potato, french fries, NFS",6804,2022-10-28
2709457,survey_fndds_food,"Potato, french fries, NS as to fresh or frozen",6804,2022-10-28
2709458,survey_fndds_food,"Potato, french fries, from fresh, fried",6804,2022-10-28
2709459,survey_fndds_food,"Potato, french fries, from fresh, baked",6804,2022-10-28
2709460,survey_fndds_food,"Potato, french fries, from frozen, baked",6804,2022-10-28
2709463,survey_fndds_food,"Potato, french fries, from frozen, fried",6804,2022-10-28
2709464,survey_fndds_food,"Potato, french fries, school",6804,2022-10-28
2709472,survey_fndds_food,"Potato, home fries, NFS",6804,2022-10-28
2709474,survey_fndds_food,"Potato, home fries, from fresh",6804,2022-10-28
2709475,survey_fndds_food,"Potato, home fries, ready-to-heat",6804,2022-10-28
2709477,survey_fndds_food,"Potato, hash brown, NFS",6804,2022-10-28
2709482,survey_fndds_food,"Potato, hash brown, from school lunch",6804,2022-10-28
2709483,survey_fndds_food,"Potato, hash brown, from fresh",6804,2022-10-28
2709485,survey_fndds_food,"Potato, hash brown, from dry mix",6804,2022-10-28
2709486,survey_fndds_food,"Potato, hash brown, ready-to-heat",6804,2022-10-28
2709488,survey_fndds_food,Potato skins without topping,6804,2022-10-28
2709491,survey_fndds_food,"Potato skins, NFS",6804,2022-10-28
2709492,survey_fndds_food,"Potato, mashed, NFS",6806,2022-10-28
2709495,survey_fndds_food,"Potato, mashed, ready-to-heat",6806,2022-10-28
2709499,survey_fndds_food,"Potato, mashed, from fresh, NFS",6806,2022-10-28
2709502,survey_fndds_food,"Potato, mashed, from school lunch",6806,2022-10-28
2709503,survey_fndds_food,"Potato, mashed, from dry mix, NFS",6806,2022-10-28
2709507,survey_fndds_food,"Potato, mashed, ready-to-heat, NFS",6806,2022-10-28
2709510,survey_fndds_food,Potato patty,6804,2022-10-28
2709511,survey_fndds_food,"Potato tots, NFS",6804,2022-10-28
2709513,survey_fndds_food,"Potato tots, school",6804,2022-10-28
2709514,survey_fndds_food,"Potato tots, from fresh, fried or baked",6804,2022-10-28
2709515,survey_fndds_food,"Potato tots, frozen, baked",6804,2022-10-28
2709516,survey_fndds_food,"Potato tots, frozen, fried",6804,2022-10-28
2709517,survey_fndds_food,"Potato tots, frozen, NS as to fried or baked",6804,2022-10-28
2709524,survey_fndds_food,"Potato, baked, peel eaten",6802,2022-10-28
2709541,survey_fndds_food,"Potato salad, German style",6806,2022-10-28
2709552,survey_fndds_food,Potato pancake,6806,2022-10-28
2709553,survey_fndds_food,Lefse,6806,2022-10-28
2709554,survey_fndds_food,Stewed potatoes,6806,2022-10-28
2709558,survey_fndds_food,"Plantain, cooked, no added fat",6418,2022-10-28
2709560,survey_fndds_food,"Plantain, raw",6418,2022-10-28
2709561,survey_fndds_food,"Plantain, cooked, fat added, NS as to fat type",6418,2022-10-28
2709564,survey_fndds_food,"Cassava, cooked",6418,2022-10-28
2709566,survey_fndds_food,"Casabe, cassava bread",4402,2022-10-28
2709567,survey_fndds_food,"Taro, cooked",6418,2022-10-28
2709568,survey_fndds_food,Fufu,6418,2022-10-28
2709570,survey_fndds_food,"Beet greens, raw",6411,2022-10-28
2709571,survey_fndds_food,"Beet greens, cooked",6411,2022-10-28
2709572,survey_fndds_food,"Broccoli raab, raw",6407,2022-10-28
2709573,survey_fndds_food,"Broccoli raab, cooked",6407,2022-10-28
2709574,survey_fndds_food,"Chard, raw",6411,2022-10-28
2709575,survey_fndds_food,"Chard, cooked",6411,2022-10-28
2709576,survey_fndds_food,"Collards, raw",6411,2022-10-28
2709577,survey_fndds_food,"Collards, fresh, cooked, no added fat",6411,2022-10-28
2709578,survey_fndds_food,"Collards, frozen, cooked, no added fat",6411,2022-10-28
2709579,survey_fndds_food,"Collards, NS as to form, cooked",6411,2022-10-28
2709580,survey_fndds_food,"Collards, fresh, cooked, fat added, NS as to fat type",6411,2022-10-28
2709581,survey_fndds_food,"Collards, frozen, cooked, fat added, NS as to fat type",6411,2022-10-28
2709586,survey_fndds_food,"Cress, raw",6411,2022-10-28
2709587,survey_fndds_food,"Cress, cooked",6411,2022-10-28
2709588,survey_fndds_food,"Dandelion greens, raw",6411,2022-10-28
2709589,survey_fndds_food,"Dandelion greens, cooked",6411,2022-10-28
2709590,survey_fndds_food,"Romaine lettuce, raw",6410,2022-10-28
2709592,survey_fndds_food,"Escarole, cooked",6411,2022-10-28
2709593,survey_fndds_food,"Greens, fresh, cooked, no added fat",6411,2022-10-28
2709594,survey_fndds_food,"Greens, frozen, cooked, no added fat",6411,2022-10-28
2709595,survey_fndds_food,"Greens, NS as to form, cooked",6411,2022-10-28
2709596,survey_fndds_food,"Greens, fresh, cooked, fat added",6411,2022-10-28
2709597,survey_fndds_food,"Greens, frozen, cooked, fat added",6411,2022-10-28
2709598,survey_fndds_food,"Greens, canned, cooked",6411,2022-10-28
2709599,survey_fndds_food,"Kale, raw",6411,2022-10-28
2709600,survey_fndds_food,"Kale, fresh, cooked, no added fat",6411,2022-10-28
2709601,survey_fndds_food,"Kale, frozen, cooked, no added fat",6411,2022-10-28
2709602,survey_fndds_food,"Kale, NS as to form, cooked",6411,2022-10-28
2709603,survey_fndds_food,"Kale, fresh, cooked, fat added",6411,2022-10-28
2709604,survey_fndds_food,"Kale, frozen, cooked, fat added",6411,2022-10-28
2709605,survey_fndds_food,"Lambsquarter, cooked",6411,2022-10-28
2709606,survey_fndds_food,"Mustard greens, raw",6411,2022-10-28
2709607,survey_fndds_food,"Mustard greens, fresh, cooked, no added fat",6411,2022-10-28
2709608,survey_fndds_food,"Mustard greens, frozen, cooked, no added fat",6411,2022-10-28
2709609,survey_fndds_food,"Mustard greens, NS as to form, cooked",6411,2022-10-28
2709610,survey_fndds_food,"Mustard greens, fresh, cooked, fat added",6411,2022-10-28
2709611,survey_fndds_food,"Mustard greens, frozen, cooked, fat added",6411,2022-10-28
2709612,survey_fndds_food,"Poke greens, cooked",6411,2022-10-28
2709613,survey_fndds_food,"Radicchio, raw",6410,2022-10-28
2709614,survey_fndds_food,"Spinach, raw",6409,2022-10-28
2709615,survey_fndds_food,"Spinach, fresh, cooked, no added fat",6409,2022-10-28
2709616,survey_fndds_food,"Spinach, frozen, cooked, no added fat",6409,2022-10-28
2709617,survey_fndds_food,"Spinach, canned, cooked, no added fat",6409,2022-10-28
2709620,survey_fndds_food,"Spinach, NS as to form, cooked",6409,2022-10-28
2709621,survey_fndds_food,"Spinach, fresh, cooked, fat added, NS as to fat type",6409,2022-10-28
2709622,survey_fndds_food,"Spinach, frozen, cooked, fat added, NS as to fat type",6409,2022-10-28
2709623,survey_fndds_food,"Spinach, canned, cooked, fat added, NS as to fat type",6409,2022-10-28
2709628,survey_fndds_food,"Spinach, creamed",6409,2022-10-28
2709633,survey_fndds_food,"Taro leaves, cooked",6411,2022-10-28
2709634,survey_fndds_food,"Turnip greens, fresh, cooked, no added fat",6411,2022-10-28
2709635,survey_fndds_food,"Turnip greens, frozen, cooked, no added fat",6411,2022-10-28
2709636,survey_fndds_food,"Turrnip greens, NS as to form, cooked",6411,2022-10-28
2709637,survey_fndds_food,"Turnip greens, fresh, cooked, fat added",6411,2022-10-28
2709638,survey_fndds_food,"Turnip greens, frozen, cooked, fat added",6411,2022-10-28
2709639,survey_fndds_food,"Watercress, raw",6411,2022-10-28
2709640,survey_fndds_food,"Watercress, cooked",6411,2022-10-28
2709641,survey_fndds_food,"Bitter melon, horseradish, jute, or radish leaves, cooked",6411,2022-10-28
2709642,survey_fndds_food,"Sweet potato, squash, pumpkin, chrysanthemum, or bean leaves, cooked",6411,2022-10-28
2709643,survey_fndds_food,"Broccoli, raw",6407,2022-10-28
2709645,survey_fndds_food,"Broccoli, fresh, cooked, no added fat",6407,2022-10-28
2709646,survey_fndds_food,"Broccoli, frozen, cooked, no added fat",6407,2022-10-28
2709647,survey_fndds_food,"Broccoli, NS as to form, cooked",6407,2022-10-28
2709648,survey_fndds_food,"Broccoli, fresh, cooked, fat added, NS as to fat type",6407,2022-10-28
2709649,survey_fndds_food,"Broccoli, frozen, cooked, fat added, NS as to fat type",6407,2022-10-28
2709657,survey_fndds_food,"Broccoli, chinese, raw",6407,2022-10-28
2709658,survey_fndds_food,"Broccoli, Chinese, cooked",6407,2022-10-28
2709660,survey_fndds_food,"Carrots, raw",6404,2022-10-28
2709664,survey_fndds_food,"Carrots, fresh, cooked, no added fat",6404,2022-10-28
2709665,survey_fndds_food,"Carrots, frozen, cooked, no added fat",6404,2022-10-28
2709666,survey_fndds_food,"Carrots, canned, cooked, no added fat",6404,2022-10-28
2709669,survey_fndds_food,"Carrots, NS as to form, cooked",6404,2022-10-28
2709670,survey_fndds_food,"Carrots, fresh, cooked, fat added, NS as to fat type",6404,2022-10-28
2709671,survey_fndds_food,"Carrots, frozen, cooked, fat added, NS as to fat type",6404,2022-10-28
2709672,survey_fndds_food,"Carrots, canned, cooked, fat added, NS as to fat type",6404,2022-10-28
2709677,survey_fndds_food,"Carrots, glazed, cooked",6404,2022-10-28
2709678,survey_fndds_food,"Carrots, canned, reduced sodium, cooked, no added fat",6404,2022-10-28
2709679,survey_fndds_food,"Carrots, canned, reduced sodium, cooked, fat added, NS as to fat type",6404,2022-10-28
2709684,survey_fndds_food,"Peas and carrots, fresh, cooked, no added fat",6420,2022-10-28
2709685,survey_fndds_food,"Peas and carrots, frozen, cooked, no added fat",6420,2022-10-28
2709686,survey_fndds_food,"Peas and carrots, canned, cooked, no added fat",6420,2022-10-28
2709687,survey_fndds_food,"Peas and carrots, cooked, NS as to form",6420,2022-10-28
2709688,survey_fndds_food,"Peas and carrots, fresh, cooked, fat added",6420,2022-10-28
2709689,survey_fndds_food,"Peas and carrots, frozen, cooked, fat added",6420,2022-10-28
2709690,survey_fndds_food,"Peas and carrots, canned, cooked, fat added",6420,2022-10-28
2709691,survey_fndds_food,"Pumpkin, canned, cooked",6406,2022-10-28
2709692,survey_fndds_food,"Pumpkin, cooked",6406,2022-10-28
2709693,survey_fndds_food,"Winter squash, raw",6406,2022-10-28
2709694,survey_fndds_food,"Winter squash, cooked, no added fat",6406,2022-10-28
2709695,survey_fndds_food,"Winter squash, cooked, fat added",6406,2022-10-28
2709697,survey_fndds_food,"Sweet potato, NFS",6406,2022-10-28
2709698,survey_fndds_food,"Sweet potato, baked, NS as to fat",6406,2022-10-28
2709699,survey_fndds_food,"Sweet potato, baked, no added fat",6406,2022-10-28
2709700,survey_fndds_food,"Sweet potato, baked, fat added",6406,2022-10-28
2709701,survey_fndds_food,"Sweet potato, boiled, NS as to fat",6406,2022-10-28
2709702,survey_fndds_food,"Sweet potato, boiled, no added fat",6406,2022-10-28
2709703,survey_fndds_food,"Sweet potato, boiled, fat added",6406,2022-10-28
2709704,survey_fndds_food,"Sweet potato, candied",6406,2022-10-28
2709705,survey_fndds_food,"Sweet potato, canned, NS as to fat",6406,2022-10-28
2709706,survey_fndds_food,"Sweet potato, canned, no added fat",6406,2022-10-28
2709707,survey_fndds_food,"Sweet potato, canned, fat added",6406,2022-10-28
2709708,survey_fndds_food,"Sweet potato, casserole or mashed",6406,2022-10-28
2709719,survey_fndds_food,"Tomatoes, raw",6402,2022-10-28
2709720,survey_fndds_food,"Tomatoes, NS as to form, cooked",6402,2022-10-28
2709721,survey_fndds_food,"Tomatoes, fresh, cooked",6402,2022-10-28
2709722,survey_fndds_food,"Tomatoes, canned, cooked",6402,2022-10-28
2709724,survey_fndds_food,"Tomatoes, canned, reduced sodium, cooked",6402,2022-10-28
2709727,survey_fndds_food,Sun-dried tomatoes,6402,2022-10-28
2709763,survey_fndds_food,"Raw vegetable, NFS",6420,2022-10-28
2709764,survey_fndds_food,"Sprouts, NFS",6420,2022-10-28
2709765,survey_fndds_food,"Alfalfa sprouts, raw",6420,2022-10-28
2709766,survey_fndds_food,Artichoke,6420,2022-10-28
2709767,survey_fndds_food,"Asparagus, raw",6420,2022-10-28
2709768,survey_fndds_food,"Bean sprouts, raw",6420,2022-10-28
2709769,survey_fndds_food,"Green beans, raw",6412,2022-10-28
2709770,survey_fndds_food,"Beets, raw",6420,2022-10-28
2709771,survey_fndds_food,"Broccoflower, raw",6420,2022-10-28
2709772,survey_fndds_food,"Brussels sprouts, raw",6420,2022-10-28
2709773,survey_fndds_food,"Cabbage, green, raw",6413,2022-10-28
2709774,survey_fndds_food,"Cabbage, Chinese, raw",6413,2022-10-28
2709775,survey_fndds_food,"Cabbage, red, raw",6413,2022-10-28
2709776,survey_fndds_food,"Cactus, raw",6420,2022-10-28
2709777,survey_fndds_food,"Cauliflower, raw",6420,2022-10-28
2709778,survey_fndds_food,"Celery, raw",6420,2022-10-28
2709779,survey_fndds_food,"Fennel bulb, raw",6420,2022-10-28
2709783,survey_fndds_food,"Corn, raw",6416,2022-10-28
2709784,survey_fndds_food,"Cucumber, raw",6420,2022-10-28
2709785,survey_fndds_food,"Eggplant, raw",6420,2022-10-28
2709787,survey_fndds_food,"Jicama, raw",6420,2022-10-28
2709788,survey_fndds_food,"Kohlrabi, raw",6420,2022-10-28
2709789,survey_fndds_food,"Lettuce, raw",6410,2022-10-28
2709790,survey_fndds_food,"Lettuce, Boston, raw",6410,2022-10-28
2709791,survey_fndds_food,"Lettuce, arugula, raw",6410,2022-10-28
2709792,survey_fndds_food,"Mixed salad greens, raw",6410,2022-10-28
2709793,survey_fndds_food,"Mushrooms, raw",6420,2022-10-28
2709794,survey_fndds_food,"Onions, green, raw",6414,2022-10-28
2709795,survey_fndds_food,"Onions, raw",6414,2022-10-28
2709797,survey_fndds_food,"Green peas, raw",6418,2022-10-28
2709799,survey_fndds_food,"Peppers, raw, NFS",6420,2022-10-28
2709800,survey_fndds_food,"Peppers, sweet, green, raw",6420,2022-10-28
2709801,survey_fndds_food,"Peppers, sweet, red, raw",6406,2022-10-28
2709802,survey_fndds_food,"Peppers, banana, raw",6420,2022-10-28
2709803,survey_fndds_food,Radish,6420,2022-10-28
2709804,survey_fndds_food,"Rutabaga, raw",6420,2022-10-28
2709805,survey_fndds_food,"Seaweed, raw",6420,2022-10-28
2709806,survey_fndds_food,"Snowpeas, raw",6420,2022-10-28
2709807,survey_fndds_food,"Summer squash, yellow, raw",6420,2022-10-28
2709808,survey_fndds_food,"Summer squash, green, raw",6420,2022-10-28
2709809,survey_fndds_food,"Turnip, raw",6420,2022-10-28
2709834,survey_fndds_food,"Asparagus, fresh, cooked, no added fat",6420,2022-10-28
2709835,survey_fndds_food,"Asparagus, frozen, cooked, no added fat",6420,2022-10-28
2709836,survey_fndds_food,"Asparagus, canned, cooked, no added fat",6420,2022-10-28
2709837,survey_fndds_food,"Asparagus, NS as to form, cooked",6420,2022-10-28
2709838,survey_fndds_food,"Asparagus, fresh, cooked, fat added, NS as to fat type",6420,2022-10-28
2709839,survey_fndds_food,"Asparagus, frozen, cooked, fat added, NS as to fat type",6420,2022-10-28
2709840,survey_fndds_food,"Asparagus, canned, cooked, fat added, NS as to fat type",6420,2022-10-28
2709847,survey_fndds_food,"Bamboo shoots, cooked",6420,2022-10-28
2709848,survey_fndds_food,"Lima beans, from frozen, no added fat",6418,2022-10-28
2709849,survey_fndds_food,"Lima beans, from frozen, fat added",6418,2022-10-28
2709850,survey_fndds_food,"Lima beans, from canned",6418,2022-10-28
2709852,survey_fndds_food,"Green beans, fresh, cooked, no added fat",6412,2022-10-28
2709853,survey_fndds_food,"Green beans, frozen, cooked, no added fat",6412,2022-10-28
2709854,survey_fndds_food,"Green beans, canned, cooked, no added fat",6412,2022-10-28
2709855,survey_fndds_food,"Green beans, NS as to form, cooked",6412,2022-10-28
2709856,survey_fndds_food,"Green beans, fresh, cooked, fat added, NS as to fat type",6412,2022-10-28
2709857,survey_fndds_food,"Green beans, frozen, cooked, fat added, NS as to fat type",6412,2022-10-28
2709858,survey_fndds_food,"Green beans, canned, cooked, fat added, NS as to fat type",6412,2022-10-28
2709865,survey_fndds_food,"Green beans, canned, reduced sodium, cooked, no added fat",6412,2022-10-28
2709866,survey_fndds_food,"Green beans, canned, reduced sodium, cooked, fat added, NS as to fat type",6412,2022-10-28
2709870,survey_fndds_food,"Yellow string beans, cooked",6412,2022-10-28
2709871,survey_fndds_food,"Bean sprouts, cooked",6420,2022-10-28
2709872,survey_fndds_food,"Beets, fresh, cooked, no added fat",6420,2022-10-28
2709873,survey_fndds_food,"Beets, canned, cooked, no added fat",6420,2022-10-28
2709874,survey_fndds_food,"Beets, NS as to form, cooked",6420,2022-10-28
2709875,survey_fndds_food,"Beets, fresh, cooked, fat added",6420,2022-10-28
2709876,survey_fndds_food,"Beets, canned, cooked, fat added",6420,2022-10-28
2709877,survey_fndds_food,"Beets, canned, reduced sodium, cooked",6420,2022-10-28
2709878,survey_fndds_food,"Bitter melon, cooked",6420,2022-10-28
2709879,survey_fndds_food,"Breadfruit, cooked",6418,2022-10-28
2709880,survey_fndds_food,"Broccoflower, cooked",6420,2022-10-28
2709881,survey_fndds_food,"Brussels sprouts, fresh, cooked, no added fat",6420,2022-10-28
2709882,survey_fndds_food,"Brussels sprouts, frozen, cooked, no added fat",6420,2022-10-28
2709883,survey_fndds_food,"Brussels sprouts, NS as to form, cooked",6420,2022-10-28
2709884,survey_fndds_food,"Brussels sprouts, fresh, cooked, fat added",6420,2022-10-28
2709885,survey_fndds_food,"Brussels sprouts, frozen, cooked, fat added",6420,2022-10-28
2709886,survey_fndds_food,"Burdock, cooked",6420,2022-10-28
2709887,survey_fndds_food,"Cabbage, Chinese, cooked, no added fat",6413,2022-10-28
2709888,survey_fndds_food,"Cabbage, Chinese, cooked, fat added",6413,2022-10-28
2709889,survey_fndds_food,"Cabbage, green, cooked, no added fat",6413,2022-10-28
2709890,survey_fndds_food,"Cabbage, green, cooked, fat added, NS as to fat type",6413,2022-10-28
2709893,survey_fndds_food,"Cabbage, red, cooked",6413,2022-10-28
2709894,survey_fndds_food,"Cabbage, savoy, cooked",6413,2022-10-28
2709895,survey_fndds_food,"Cactus, cooked, no added fat",6420,2022-10-28
2709896,survey_fndds_food,"Cactus, cooked, fat added",6420,2022-10-28
2709897,survey_fndds_food,"Cauliflower, fresh, cooked, no added fat",6420,2022-10-28
2709898,survey_fndds_food,"Cauliflower, frozen, cooked, no added fat",6420,2022-10-28
2709899,survey_fndds_food,"Cauliflower, NS as to form, cooked",6420,2022-10-28
2709900,survey_fndds_food,"Cauliflower, fresh, cooked, fat added, NS as to fat type",6420,2022-10-28
2709901,survey_fndds_food,"Cauliflower, frozen, cooked, fat added, NS as to fat type",6420,2022-10-28
2709906,survey_fndds_food,"Celery, cooked",6420,2022-10-28
2709907,survey_fndds_food,"Fennel bulb, cooked",6420,2022-10-28
2709908,survey_fndds_food,"Christophine, cooked",6420,2022-10-28
2709910,survey_fndds_food,"Corn, fresh, cooked, no added fat",6416,2022-10-28
2709911,survey_fndds_food,"Corn, frozen, cooked, no added fat",6416,2022-10-28
2709912,survey_fndds_food,"Corn, canned, cooked, no added fat",6416,2022-10-28
2709913,survey_fndds_food,"Corn, NS as to form, cooked",6416,2022-10-28
2709914,survey_fndds_food,"Corn, fresh, cooked, fat added, NS as to fat type",6416,2022-10-28
2709915,survey_fndds_food,"Corn, frozen, cooked, fat added, NS as to fat type",6416,2022-10-28
2709916,survey_fndds_food,"Corn, canned, cooked, fat added, NS as to fat type",6416,2022-10-28
2709923,survey_fndds_food,"Corn, creamed",6416,2022-10-28
2709924,survey_fndds_food,"Corn, canned, reduced sodium, cooked, no added fat",6416,2022-10-28
2709925,survey_fndds_food,"Corn, canned, reduced sodium, cooked, fat added, NS as to fat type",6416,2022-10-28
2709928,survey_fndds_food,"Cucumber, cooked",6420,2022-10-28
2709929,survey_fndds_food,"Eggplant, cooked, no added fat",6420,2022-10-28
2709930,survey_fndds_food,"Eggplant, cooked, fat added",6420,2022-10-28
2709931,survey_fndds_food,"Flowers or blossoms of sesbania, squash, or lily, cooked",6420,2022-10-28
2709933,survey_fndds_food,"Hominy, cooked",4804,2022-10-28
2709934,survey_fndds_food,"Kohlrabi, cooked",6420,2022-10-28
2709935,survey_fndds_food,Leeks,6414,2022-10-28
2709936,survey_fndds_food,"Lotus root, cooked",6420,2022-10-28
2709937,survey_fndds_food,"Mushrooms, fresh, cooked, no added fat",6420,2022-10-28
2709938,survey_fndds_food,"Mushrooms, NS as to form, cooked",6420,2022-10-28
2709939,survey_fndds_food,"Mushrooms, fresh, cooked, fat added, NS as to fat type",6420,2022-10-28
2709940,survey_fndds_food,"Mushrooms, canned, cooked",6420,2022-10-28
2709943,survey_fndds_food,"Mushroom, Asian, cooked, from dried",6420,2022-10-28
2709944,survey_fndds_food,"Okra, fresh, cooked, no added fat",6420,2022-10-28
2709945,survey_fndds_food,"Okra, frozen, cooked, no added fat",6420,2022-10-28
2709946,survey_fndds_food,"Okra, NS as to form, cooked",6420,2022-10-28
2709947,survey_fndds_food,"Okra, fresh, cooked, fat added",6420,2022-10-28
2709948,survey_fndds_food,"Okra, frozen, cooked, fat added",6420,2022-10-28
2709949,survey_fndds_food,"Lettuce, cooked",6410,2022-10-28
2709950,survey_fndds_food,"Onions, cooked, no added fat",6414,2022-10-28
2709951,survey_fndds_food,"Onions, cooked, fat added",6414,2022-10-28
2709952,survey_fndds_food,"Onions, pearl, cooked",6414,2022-10-28
2709953,survey_fndds_food,"Onions, green, cooked",6414,2022-10-28
2709954,survey_fndds_food,"Palm hearts, cooked",6420,2022-10-28
2709955,survey_fndds_food,"Parsnips, cooked",6420,2022-10-28
2709956,survey_fndds_food,"Blackeyed peas, from frozen",6418,2022-10-28
2709957,survey_fndds_food,"Blackeyed peas, from canned",6418,2022-10-28
2709959,survey_fndds_food,"Green peas, fresh, cooked, no added fat",6418,2022-10-28
2709960,survey_fndds_food,"Green peas, frozen, cooked, no added fat",6418,2022-10-28
2709961,survey_fndds_food,"Green peas, canned, cooked, no added fat",6418,2022-10-28
2709962,survey_fndds_food,"Green peas, NS as to form, cooked",6418,2022-10-28
2709963,survey_fndds_food,"Green peas, fresh, cooked, fat added, NS as to fat type",6418,2022-10-28
2709964,survey_fndds_food,"Green peas, frozen, cooked, fat added, NS as to fat type",6418,2022-10-28
2709965,survey_fndds_food,"Green peas, canned, cooked, fat added, NS as to fat type",6418,2022-10-28
2709972,survey_fndds_food,"Green peas, canned, reduced sodium, cooked, no added fat",6418,2022-10-28
2709973,survey_fndds_food,"Green peas, canned, reduced sodium, cooked, fat added, NS as to fat type",6418,2022-10-28
2709976,survey_fndds_food,"Peppers, green, cooked",6420,2022-10-28
2709977,survey_fndds_food,"Peppers, red, cooked",6406,2022-10-28
2709980,survey_fndds_food,"Rutabaga, cooked",6420,2022-10-28
2709981,survey_fndds_food,"Salsify, cooked",6420,2022-10-28
2709983,survey_fndds_food,"Snowpeas, fresh, cooked, no added fat",6420,2022-10-28
2709984,survey_fndds_food,"Snowpeas, frozen, cooked, no added fat",6420,2022-10-28
2709985,survey_fndds_food,"Snowpeas, NS as to form, cooked",6420,2022-10-28
2709986,survey_fndds_food,"Snowpeas, fresh, cooked, fat added",6420,2022-10-28
2709987,survey_fndds_food,"Snowpeas, frozen, cooked, fat added",6420,2022-10-28
2709989,survey_fndds_food,"Seaweed, cooked, no added fat",6420,2022-10-28
2709990,survey_fndds_food,"Seaweed, cooked, fat added",6420,2022-10-28
2709991,survey_fndds_food,"Summer squash, yellow or green, fresh, cooked, no added fat",6420,2022-10-28
2709992,survey_fndds_food,"Summer squash, yellow or green, frozen, cooked, no added fat",6420,2022-10-28
2709993,survey_fndds_food,"Summer squash, yellow or green, NS as to form, cooked",6420,2022-10-28
2709994,survey_fndds_food,"Summer squash, yellow or green, fresh, cooked, fat added, NS as to fat type",6420,2022-10-28
2709995,survey_fndds_food,"Summer squash, yellow or green, frozen, cooked, fat added, NS as to fat type",6420,2022-10-28
2709996,survey_fndds_food,"Summer squash, yellow or green, canned, cooked, fat added, NS as to fat type",6420,2022-10-28
2710001,survey_fndds_food,"Spaghetti squash, cooked",6406,2022-10-28
2710002,survey_fndds_food,"Turnip, cooked",6420,2022-10-28
2710003,survey_fndds_food,Water Chesnut,6418,2022-10-28
2710004,survey_fndds_food,"Winter melon, cooked",6420,2022-10-28
2710007,survey_fndds_food,"Lima beans and corn, cooked, no added fat",6418,2022-10-28
2710008,survey_fndds_food,"Lima beans and corn, cooked, fat added",6418,2022-10-28
2710010,survey_fndds_food,"Peppers and onions, cooked, no added fat",6420,2022-10-28
2710011,survey_fndds_food,"Peppers and onions, cooked, fat added",6420,2022-10-28
2710013,survey_fndds_food,"Classic mixed vegetables, frozen, cooked, no added fat",6420,2022-10-28
2710014,survey_fndds_food,"Classic mixed vegetables, canned, cooked, no added fat",6420,2022-10-28
2710015,survey_fndds_food,"Classic mixed vegetables, NS as to form, cooked",6420,2022-10-28
2710016,survey_fndds_food,"Classic mixed vegetables, frozen, cooked, fat added, NS as to fat type",6420,2022-10-28
2710017,survey_fndds_food,"Classic mixed vegetables, canned, cooked, fat added, NS as to fat type",6420,2022-10-28
2710022,survey_fndds_food,"Classic mixed vegetables, canned, reduced sodium, cooked, no added fat",6420,2022-10-28
2710023,survey_fndds_food,"Classic mixed vegetables, canned, reduced sodium, cooked, fat added, NS as to fat type",6420,2022-10-28
2710026,survey_fndds_food,"Peas and corn, cooked, no added fat",6418,2022-10-28
2710027,survey_fndds_food,"Peas and corn, cooked, fat added",6418,2022-10-28
2710029,survey_fndds_food,"Vegetables, stew type, cooked, fat added",6420,2022-10-28
2710030,survey_fndds_food,"Vegetables, stew type, cooked, no added fat",6420,2022-10-28
2710031,survey_fndds_food,"Broccoli and cauliflower, cooked, no added fat",6420,2022-10-28
2710032,survey_fndds_food,"Broccoli and cauliflower, cooked, fat added",6420,2022-10-28
2710033,survey_fndds_food,"Broccoli, cauliflower and carrots, cooked, no added fat",6420,2022-10-28
2710034,survey_fndds_food,"Broccoli, cauliflower and carrots, cooked, fat added",6420,2022-10-28
2710035,survey_fndds_food,"Asian stir fry vegetables, cooked, no added fat",6420,2022-10-28
2710036,survey_fndds_food,"Asian stir fry vegetables, cooked, fat added",6420,2022-10-28
2710037,survey_fndds_food,"Jai, Monk's Food",6420,2022-10-28
2710047,survey_fndds_food,"Fritter, corn",4402,2022-10-28
2710096,survey_fndds_food,"Peppers, jalapenos",6420,2022-10-28
2710138,survey_fndds_food,"Fried stuffed potatoes, Puerto Rican style",6806,2022-10-28
2710153,survey_fndds_food,"Table fat, NFS",8002,2022-10-28
2710154,survey_fndds_food,"Butter, NFS",8002,2022-10-28
2710155,survey_fndds_food,"Butter, stick",8002,2022-10-28
2710156,survey_fndds_food,"Butter, tub",8002,2022-10-28
2710157,survey_fndds_food,"Butter, light",8002,2022-10-28
2710158,survey_fndds_food,"Margarine, NFS",8004,2022-10-28
2710159,survey_fndds_food,"Margarine, stick",8004,2022-10-28
2710160,survey_fndds_food,"Margarine, tub",8004,2022-10-28
2710161,survey_fndds_food,"Butter replacement, liquid",8004,2022-10-28
2710162,survey_fndds_food,"Margarine, light",8004,2022-10-28
2710163,survey_fndds_food,"Butter replacement, powder",8004,2022-10-28
2710164,survey_fndds_food,"Oil or table fat, NFS",8004,2022-10-28
2710165,survey_fndds_food,Animal fat or drippings,8002,2022-10-28
2710166,survey_fndds_food,Lard,8002,2022-10-28
2710167,survey_fndds_food,"Shortening, NS as to vegetable or animal",8004,2022-10-28
2710168,survey_fndds_food,"Ghee, clarified butter",8002,2022-10-28
2710172,survey_fndds_food,Sandwich spread,8010,2022-10-28
2710173,survey_fndds_food,Tartar sauce,8010,2022-10-28
2710179,survey_fndds_food,Honey butter,8002,2022-10-28
2710180,survey_fndds_food,"Vegetable oil, NFS",8012,2022-10-28
2710181,survey_fndds_food,Almond oil,8012,2022-10-28
2710182,survey_fndds_food,Coconut oil,8012,2022-10-28
2710183,survey_fndds_food,Corn oil,8012,2022-10-28
2710184,survey_fndds_food,Cottonseed oil,8012,2022-10-28
2710185,survey_fndds_food,Flaxseed oil,8012,2022-10-28
2710186,survey_fndds_food,Olive oil,8012,2022-10-28
2710187,survey_fndds_food,Peanut oil,8012,2022-10-28
2710188,survey_fndds_food,Canola oil,8012,2022-10-28
2710189,survey_fndds_food,Safflower oil,8012,2022-10-28
2710190,survey_fndds_food,Sesame oil,8012,2022-10-28
2710191,survey_fndds_food,Soybean oil,8012,2022-10-28
2710192,survey_fndds_food,Sunflower oil,8012,2022-10-28
2710193,survey_fndds_food,Walnut oil,8012,2022-10-28
2710194,survey_fndds_food,Wheat germ oil,8012,2022-10-28
2710195,survey_fndds_food,"Salad dressing, NFS, for salads",8012,2022-10-28
2710196,survey_fndds_food,"Salad dressing, NFS, for sandwiches",8010,2022-10-28
2710197,survey_fndds_food,Blue or roquefort cheese dressing,8012,2022-10-28
2710198,survey_fndds_food,Bacon and tomato dressing,8012,2022-10-28
2710199,survey_fndds_food,Caesar dressing,8012,2022-10-28
2710200,survey_fndds_food,Coleslaw dressing,8012,2022-10-28
2710201,survey_fndds_food,French or Catalina dressing,8012,2022-10-28
2710202,survey_fndds_food,Honey mustard dressing,8012,2022-10-28
2710204,survey_fndds_food,"Mayonnaise, regular",8010,2022-10-28
2710205,survey_fndds_food,Vegan mayonnaise,8010,2022-10-28
2710206,survey_fndds_food,Russian dressing,8012,2022-10-28
2710207,survey_fndds_food,Mayonnaise-type salad dressing,8010,2022-10-28
2710208,survey_fndds_food,Avocado dressing,8012,2022-10-28
2710209,survey_fndds_food,Creamy Italian dressing,8012,2022-10-28
2710210,survey_fndds_food,Poppy seed dressing,8012,2022-10-28
2710211,survey_fndds_food,Sesame dressing,8012,2022-10-28
2710212,survey_fndds_food,Ranch dressing,8012,2022-10-28
2710213,survey_fndds_food,Thousand Island dressing,8012,2022-10-28
2710214,survey_fndds_food,Fruit dressing,8012,2022-10-28
2710215,survey_fndds_food,"Salad dressing, light, NFS",8012,2022-10-28
2710216,survey_fndds_food,"Blue or roquefort cheese dressing, light",8012,2022-10-28
2710217,survey_fndds_food,"Creamy Italian dressing, light",8012,2022-10-28
2710218,survey_fndds_food,"French or Catalina dressing, light",8012,2022-10-28
2710219,survey_fndds_food,"Caesar dressing, light",8012,2022-10-28
2710220,survey_fndds_food,"Mayonnaise, light",8010,2022-10-28
2710222,survey_fndds_food,"Mayonnaise-type salad dressing, light",8010,2022-10-28
2710223,survey_fndds_food,"Honey mustard dressing, light",8012,2022-10-28
2710224,survey_fndds_food,"Italian dressing, light",8012,2022-10-28
2710225,survey_fndds_food,"Ranch dressing, light",8012,2022-10-28
2710226,survey_fndds_food,"Sesame dressing, light",8012,2022-10-28
2710227,survey_fndds_food,"Thousand Island dressing, light",8012,2022-10-28
2710228,survey_fndds_food,Korean dressing or marinade,8012,2022-10-28
2710229,survey_fndds_food,"Blue or roquefort cheese dressing, fat free",8012,2022-10-28
2710230,survey_fndds_food,"Caesar dressing, fat free",8012,2022-10-28
2710231,survey_fndds_food,"Creamy Italian dressing, fat free",8012,2022-10-28
2710232,survey_fndds_food,"French or Catalina dressing, fat free",8012,2022-10-28
2710233,survey_fndds_food,"Honey mustard dressing, fat free",8012,2022-10-28
2710234,survey_fndds_food,"Italian dressing, fat free",8012,2022-10-28
2710235,survey_fndds_food,"Mayonnaise, fat free",8010,2022-10-28
2710236,survey_fndds_food,"Ranch dressing, fat free",8012,2022-10-28
2710237,survey_fndds_food,"Salad dressing, fat free, NFS",8012,2022-10-28
2710238,survey_fndds_food,"Thousand Island dressing, fat free",8012,2022-10-28
